2025-10-14 15:18:59.346 [main] INFO  com.angrysurfer.beats.App - Starting application...
2025-10-14 15:18:59.967 [AWT-EventQueue-0] INFO  com.angrysurfer.beats.SplashScreen - Splash screen status: Initializing application...
2025-10-14 15:19:00.482 [Thread-2] INFO  c.a.core.redis.SessionHelper - SessionHelper initialized with configured ObjectMapper
2025-10-14 15:19:00.486 [Thread-2] INFO  c.a.core.redis.InstrumentHelper - InstrumentHelper initialized with ObjectMapper configured to ignore unknown fields
2025-10-14 15:19:00.492 [Thread-2] INFO  c.a.core.redis.RedisService - RedisService singleton instance created
2025-10-14 15:19:00.492 [Thread-2] INFO  com.angrysurfer.beats.App - Redis service initialized
2025-10-14 15:19:00.493 [AWT-EventQueue-0] INFO  com.angrysurfer.beats.SplashScreen - Splash screen status: Connected to database
2025-10-14 15:19:00.495 [Thread-2] INFO  c.a.core.service.DeviceManager - Refreshing MIDI device list
2025-10-14 15:19:00.495 [Thread-2] INFO  c.a.core.service.DeviceManager - getMidiOutDevices()
2025-10-14 15:19:00.558 [Thread-2] INFO  c.a.core.service.DeviceManager - Found MIDI output device: Gervill (Receivers: -1)
2025-10-14 15:19:00.560 [Thread-2] INFO  c.a.core.service.DeviceManager - Found MIDI output device: Real Time Sequencer (Receivers: -1)
2025-10-14 15:19:00.560 [Thread-2] INFO  c.a.core.service.DeviceManager - Found MIDI output device: Microsoft MIDI Mapper (Receivers: -1)
2025-10-14 15:19:00.561 [Thread-2] INFO  c.a.core.service.DeviceManager - Found MIDI output device: Microsoft GS Wavetable Synth (Receivers: -1)
2025-10-14 15:19:00.565 [Thread-2] INFO  c.a.core.service.DeviceManager - Refreshing MIDI device list
2025-10-14 15:19:00.565 [Thread-2] INFO  c.a.core.service.DeviceManager - getMidiOutDevices()
2025-10-14 15:19:00.571 [AWT-EventQueue-0] INFO  com.angrysurfer.beats.SplashScreen - Splash screen status: Detected MIDI devices
2025-10-14 15:19:00.573 [Thread-2] INFO  c.a.core.service.SoundbankManager - Initializing soundbanks...
2025-10-14 15:19:01.124 [Thread-2] INFO  c.a.core.service.SoundbankManager - Synthesizer initialized: Gervill
2025-10-14 15:19:01.128 [Thread-2] INFO  c.a.core.service.SoundbankManager - Added default soundbank with 235 instruments
2025-10-14 15:19:01.886 [Thread-2] INFO  c.a.core.service.SoundbankManager - Loaded soundbank from file: ChateauGrand-Plus-Instruments-bs16i-v4.sf2 with 77 instruments
2025-10-14 15:19:02.153 [Thread-2] INFO  c.a.core.service.SoundbankManager - Loaded soundbank from file: Mario_and_Luigi_Partners_in_Time-_Soundfont.sf2 with 215 instruments
2025-10-14 15:19:02.166 [Thread-2] INFO  c.a.core.service.SoundbankManager - Loaded soundbank from file: Syndrum.sf2 with 1 instruments
2025-10-14 15:19:02.237 [Thread-2] INFO  c.a.core.service.SoundbankManager - Loaded soundbank from file: SynthModule.sf2 with 77 instruments
2025-10-14 15:19:02.402 [Thread-2] INFO  c.a.core.service.SoundbankManager - Soundbank initialization complete. Total soundbanks: 7
2025-10-14 15:19:02.403 [AWT-EventQueue-0] INFO  com.angrysurfer.beats.SplashScreen - Splash screen status: Loaded soundbanks
2025-10-14 15:19:02.564 [Thread-2] INFO  c.a.c.service.InternalSynthManager - Synthesizer initialized: Gervill
2025-10-14 15:19:02.564 [Thread-2] INFO  c.a.c.service.InternalSynthManager - Initialized synthesizer data with 235 instruments
2025-10-14 15:19:02.564 [Thread-2] INFO  c.a.core.service.SoundbankManager - Initializing soundbanks...
2025-10-14 15:19:02.565 [Thread-2] INFO  c.a.core.service.SoundbankManager - Added default soundbank with 235 instruments
2025-10-14 15:19:03.589 [Thread-2] INFO  c.a.core.service.SoundbankManager - Soundbank initialization complete. Total soundbanks: 7
2025-10-14 15:19:03.689 [Thread-2] INFO  c.a.c.service.InternalSynthManager - Synthesizer initialized: Gervill
2025-10-14 15:19:03.777 [Thread-2] INFO  c.a.c.service.InternalSynthManager - Synthesizer initialized: Gervill
2025-10-14 15:19:03.778 [AWT-EventQueue-0] INFO  com.angrysurfer.beats.SplashScreen - Splash screen status: Loaded internal synthesizer
2025-10-14 15:19:03.972 [Thread-2] INFO  com.angrysurfer.beats.App - Found 0 instruments in Redis
2025-10-14 15:19:03.975 [Thread-2] INFO  c.a.core.service.InstrumentManager - Refreshing instruments cache
2025-10-14 15:19:03.975 [Thread-2] INFO  c.a.core.service.InstrumentManager - Initializing instrument cache
2025-10-14 15:19:03.978 [Thread-2] INFO  c.a.core.service.InstrumentManager - Cached 0 instruments
2025-10-14 15:19:03.978 [Thread-2] INFO  c.a.core.service.InstrumentManager - Refreshing instruments cache
2025-10-14 15:19:03.979 [Thread-2] INFO  c.a.core.service.InstrumentManager - Initializing instrument cache
2025-10-14 15:19:03.979 [Thread-2] INFO  c.a.core.service.InstrumentManager - Cached 0 instruments
2025-10-14 15:19:03.979 [Thread-2] INFO  c.a.core.service.UserConfigManager - Loading user configuration from Redis
2025-10-14 15:19:03.979 [AWT-EventQueue-0] INFO  com.angrysurfer.beats.SplashScreen - Splash screen status: Loaded instrument configurations
2025-10-14 15:19:04.182 [Thread-2] ERROR c.angrysurfer.core.util.ErrorHandler - [UserConfigHelper] Error loading config with ID 1: Invalid type definition for type `javax.sound.midi.MidiDevice$Info`: Failed to call `setAccess()` on Field 'name' (of class `javax.sound.midi.MidiDevice$Info`) due to `java.lang.reflect.InaccessibleObjectException`, problem: Unable to make field private final java.lang.String javax.sound.midi.MidiDevice$Info.name accessible: module java.desktop does not "opens javax.sound.midi" to unnamed module @497a1c7d
 at [Source: (String)"{"id":1,"instruments":[{"id":149,"internal":true,"bankMSB":0,"bankLSB":0,"assignedToPlayer":false,"isDefault":true,"controlCodes":[],"pads":[],"name":"Gervill Drums","deviceName":"Gervill","internalSynth":true,"description":"Default drum instrument.","receivedChannels":[0,1,2,3,4,5,6,7,8,9,10,11,12,13,14,15],"channel":9,"lowestNote":35,"highestNote":50,"highestPreset":null,"preferredPreset":null,"hasAssignments":null,"playerClassName":null,"available":true,"patterns":null,"preset":1,"soundbankNa"[truncated 30472 chars]; line: 1, column: 1]
com.fasterxml.jackson.databind.exc.InvalidDefinitionException: Invalid type definition for type `javax.sound.midi.MidiDevice$Info`: Failed to call `setAccess()` on Field 'name' (of class `javax.sound.midi.MidiDevice$Info`) due to `java.lang.reflect.InaccessibleObjectException`, problem: Unable to make field private final java.lang.String javax.sound.midi.MidiDevice$Info.name accessible: module java.desktop does not "opens javax.sound.midi" to unnamed module @497a1c7d
 at [Source: (String)"{"id":1,"instruments":[{"id":149,"internal":true,"bankMSB":0,"bankLSB":0,"assignedToPlayer":false,"isDefault":true,"controlCodes":[],"pads":[],"name":"Gervill Drums","deviceName":"Gervill","internalSynth":true,"description":"Default drum instrument.","receivedChannels":[0,1,2,3,4,5,6,7,8,9,10,11,12,13,14,15],"channel":9,"lowestNote":35,"highestNote":50,"highestPreset":null,"preferredPreset":null,"hasAssignments":null,"playerClassName":null,"available":true,"patterns":null,"preset":1,"soundbankNa"[truncated 30472 chars]; line: 1, column: 1]
	at com.fasterxml.jackson.databind.exc.InvalidDefinitionException.from(InvalidDefinitionException.java:62)
	at com.fasterxml.jackson.databind.DeserializationContext.reportBadTypeDefinition(DeserializationContext.java:1893)
	at com.fasterxml.jackson.databind.deser.BeanDeserializerBuilder._handleBadAccess(BeanDeserializerBuilder.java:620)
	at com.fasterxml.jackson.databind.deser.BeanDeserializerBuilder._fixAccess(BeanDeserializerBuilder.java:537)
	at com.fasterxml.jackson.databind.deser.BeanDeserializerBuilder.build(BeanDeserializerBuilder.java:384)
	at com.fasterxml.jackson.databind.deser.BeanDeserializerFactory.buildBeanDeserializer(BeanDeserializerFactory.java:295)
	at com.fasterxml.jackson.databind.deser.BeanDeserializerFactory.createBeanDeserializer(BeanDeserializerFactory.java:151)
	at com.fasterxml.jackson.databind.deser.DeserializerCache._createDeserializer2(DeserializerCache.java:415)
	at com.fasterxml.jackson.databind.deser.DeserializerCache._createDeserializer(DeserializerCache.java:350)
	at com.fasterxml.jackson.databind.deser.DeserializerCache._createAndCache2(DeserializerCache.java:264)
	at com.fasterxml.jackson.databind.deser.DeserializerCache._createAndCacheValueDeserializer(DeserializerCache.java:244)
	at com.fasterxml.jackson.databind.deser.DeserializerCache.findValueDeserializer(DeserializerCache.java:142)
	at com.fasterxml.jackson.databind.DeserializationContext.findNonContextualValueDeserializer(DeserializationContext.java:644)
	at com.fasterxml.jackson.databind.deser.BeanDeserializerBase.resolve(BeanDeserializerBase.java:539)
	at com.fasterxml.jackson.databind.deser.DeserializerCache._createAndCache2(DeserializerCache.java:294)
	at com.fasterxml.jackson.databind.deser.DeserializerCache._createAndCacheValueDeserializer(DeserializerCache.java:244)
	at com.fasterxml.jackson.databind.deser.DeserializerCache.findValueDeserializer(DeserializerCache.java:142)
	at com.fasterxml.jackson.databind.DeserializationContext.findContextualValueDeserializer(DeserializationContext.java:621)
	at com.fasterxml.jackson.databind.deser.std.CollectionDeserializer.createContextual(CollectionDeserializer.java:188)
	at com.fasterxml.jackson.databind.deser.std.CollectionDeserializer.createContextual(CollectionDeserializer.java:28)
	at com.fasterxml.jackson.databind.DeserializationContext.handlePrimaryContextualization(DeserializationContext.java:836)
	at com.fasterxml.jackson.databind.deser.BeanDeserializerBase.resolve(BeanDeserializerBase.java:550)
	at com.fasterxml.jackson.databind.deser.DeserializerCache._createAndCache2(DeserializerCache.java:294)
	at com.fasterxml.jackson.databind.deser.DeserializerCache._createAndCacheValueDeserializer(DeserializerCache.java:244)
	at com.fasterxml.jackson.databind.deser.DeserializerCache.findValueDeserializer(DeserializerCache.java:142)
	at com.fasterxml.jackson.databind.DeserializationContext.findRootValueDeserializer(DeserializationContext.java:654)
	at com.fasterxml.jackson.databind.ObjectMapper._findRootDeserializer(ObjectMapper.java:4956)
	at com.fasterxml.jackson.databind.ObjectMapper._readMapAndClose(ObjectMapper.java:4826)
	at com.fasterxml.jackson.databind.ObjectMapper.readValue(ObjectMapper.java:3772)
	at com.fasterxml.jackson.databind.ObjectMapper.readValue(ObjectMapper.java:3740)
	at com.angrysurfer.core.redis.UserConfigHelper.loadConfigFromRedis(UserConfigHelper.java:67)
	at com.angrysurfer.core.service.UserConfigManager.loadConfiguration(UserConfigManager.java:165)
	at com.angrysurfer.core.service.UserConfigManager.initialize(UserConfigManager.java:147)
	at com.angrysurfer.beats.App.initializeServices(App.java:169)
	at com.angrysurfer.beats.App.lambda$startInitialization$3(App.java:71)
	at java.base/java.lang.Thread.run(Thread.java:1583)
Caused by: java.lang.IllegalArgumentException: Failed to call `setAccess()` on Field 'name' (of class `javax.sound.midi.MidiDevice$Info`) due to `java.lang.reflect.InaccessibleObjectException`, problem: Unable to make field private final java.lang.String javax.sound.midi.MidiDevice$Info.name accessible: module java.desktop does not "opens javax.sound.midi" to unnamed module @497a1c7d
	at com.fasterxml.jackson.databind.util.ClassUtil.checkAndFixAccess(ClassUtil.java:1008)
	at com.fasterxml.jackson.databind.deser.impl.FieldProperty.fixAccess(FieldProperty.java:104)
	at com.fasterxml.jackson.databind.deser.BeanDeserializerBuilder._fixAccess(BeanDeserializerBuilder.java:535)
	... 32 common frames omitted
Caused by: java.lang.reflect.InaccessibleObjectException: Unable to make field private final java.lang.String javax.sound.midi.MidiDevice$Info.name accessible: module java.desktop does not "opens javax.sound.midi" to unnamed module @497a1c7d
	at java.base/java.lang.reflect.AccessibleObject.throwInaccessibleObjectException(AccessibleObject.java:391)
	at java.base/java.lang.reflect.AccessibleObject.checkCanSetAccessible(AccessibleObject.java:367)
	at java.base/java.lang.reflect.AccessibleObject.checkCanSetAccessible(AccessibleObject.java:315)
	at java.base/java.lang.reflect.Field.checkCanSetAccessible(Field.java:183)
	at java.base/java.lang.reflect.Field.setAccessible(Field.java:177)
	at com.fasterxml.jackson.databind.util.ClassUtil.checkAndFixAccess(ClassUtil.java:995)
	... 34 common frames omitted
2025-10-14 15:19:04.184 [Thread-2] INFO  c.a.core.service.UserConfigManager - No user configuration found, creating default
2025-10-14 15:19:04.260 [Thread-2] INFO  c.a.core.redis.UserConfigHelper - Saved UserConfig with ID 1 to Redis (size: 160 bytes)
2025-10-14 15:19:04.260 [Thread-2] INFO  c.a.core.service.UserConfigManager - Created new default configuration with ID: 1
2025-10-14 15:19:04.260 [Thread-2] INFO  c.a.core.service.UserConfigManager - Checking if default instruments and players exist
2025-10-14 15:19:04.260 [Thread-2] INFO  c.a.core.service.UserConfigManager - Default players don't exist, creating them
2025-10-14 15:19:04.260 [Thread-2] INFO  c.a.core.service.UserConfigManager - Populating UserConfig with default players
2025-10-14 15:19:04.260 [Thread-2] INFO  c.a.core.service.UserConfigManager - Creating default drum players
2025-10-14 15:19:04.265 [Thread-2] INFO  com.angrysurfer.core.model.Player - Player Player: Rule cache invalidated
2025-10-14 15:19:04.268 [Thread-2] INFO  com.angrysurfer.core.model.Player - Player Player: Rule cache invalidated
2025-10-14 15:19:04.269 [Thread-2] INFO  com.angrysurfer.core.model.Player - Player Player: Rule cache invalidated
2025-10-14 15:19:04.272 [Thread-2] INFO  com.angrysurfer.core.model.Player - Player Player: Rule cache invalidated
2025-10-14 15:19:04.286 [Thread-2] INFO  c.a.core.service.UserConfigManager - Creating default melodic players
2025-10-14 15:19:04.290 [Thread-2] INFO  c.a.core.model.InstrumentWrapper - Set bank index to: 0 (MSB: 0, LSB: 0)
2025-10-14 15:19:04.290 [Thread-2] INFO  c.a.core.service.UserConfigManager - Assigned instrument Default Melo 1 to player Note 1
2025-10-14 15:19:04.293 [Thread-2] INFO  c.a.core.model.InstrumentWrapper - Set bank index to: 0 (MSB: 0, LSB: 0)
2025-10-14 15:19:04.294 [Thread-2] INFO  c.a.core.service.UserConfigManager - Assigned instrument Default Melo 2 to player Note 2
2025-10-14 15:19:04.296 [Thread-2] INFO  c.a.core.model.InstrumentWrapper - Set bank index to: 0 (MSB: 0, LSB: 0)
2025-10-14 15:19:04.296 [Thread-2] INFO  c.a.core.service.UserConfigManager - Assigned instrument Default Melo 3 to player Note 3
2025-10-14 15:19:04.298 [Thread-2] INFO  c.a.core.model.InstrumentWrapper - Set bank index to: 0 (MSB: 0, LSB: 0)
2025-10-14 15:19:04.298 [Thread-2] INFO  c.a.core.service.UserConfigManager - Assigned instrument Default Melo 4 to player Note 4
2025-10-14 15:19:04.419 [Thread-2] INFO  c.a.core.redis.UserConfigHelper - Saved UserConfig with ID 1 to Redis (size: 30972 bytes)
2025-10-14 15:19:04.425 [Thread-2] ERROR c.angrysurfer.core.util.ErrorHandler - [UserConfigHelper] Error loading config with ID 1: Invalid type definition for type `javax.sound.midi.MidiDevice$Info`: Failed to call `setAccess()` on Field 'name' (of class `javax.sound.midi.MidiDevice$Info`) due to `java.lang.reflect.InaccessibleObjectException`, problem: Unable to make field private final java.lang.String javax.sound.midi.MidiDevice$Info.name accessible: module java.desktop does not "opens javax.sound.midi" to unnamed module @497a1c7d
 at [Source: (String)"{"id":1,"instruments":[{"id":150,"internal":true,"bankMSB":0,"bankLSB":0,"assignedToPlayer":false,"isDefault":true,"controlCodes":[],"pads":[],"name":"Gervill Drums","deviceName":"Gervill","internalSynth":true,"description":"Default drum instrument.","receivedChannels":[0,1,2,3,4,5,6,7,8,9,10,11,12,13,14,15],"channel":9,"lowestNote":35,"highestNote":50,"highestPreset":null,"preferredPreset":null,"hasAssignments":null,"playerClassName":null,"available":true,"patterns":null,"preset":1,"soundbankNa"[truncated 30472 chars]; line: 1, column: 1]
com.fasterxml.jackson.databind.exc.InvalidDefinitionException: Invalid type definition for type `javax.sound.midi.MidiDevice$Info`: Failed to call `setAccess()` on Field 'name' (of class `javax.sound.midi.MidiDevice$Info`) due to `java.lang.reflect.InaccessibleObjectException`, problem: Unable to make field private final java.lang.String javax.sound.midi.MidiDevice$Info.name accessible: module java.desktop does not "opens javax.sound.midi" to unnamed module @497a1c7d
 at [Source: (String)"{"id":1,"instruments":[{"id":150,"internal":true,"bankMSB":0,"bankLSB":0,"assignedToPlayer":false,"isDefault":true,"controlCodes":[],"pads":[],"name":"Gervill Drums","deviceName":"Gervill","internalSynth":true,"description":"Default drum instrument.","receivedChannels":[0,1,2,3,4,5,6,7,8,9,10,11,12,13,14,15],"channel":9,"lowestNote":35,"highestNote":50,"highestPreset":null,"preferredPreset":null,"hasAssignments":null,"playerClassName":null,"available":true,"patterns":null,"preset":1,"soundbankNa"[truncated 30472 chars]; line: 1, column: 1]
	at com.fasterxml.jackson.databind.exc.InvalidDefinitionException.from(InvalidDefinitionException.java:62)
	at com.fasterxml.jackson.databind.DeserializationContext.reportBadTypeDefinition(DeserializationContext.java:1893)
	at com.fasterxml.jackson.databind.deser.BeanDeserializerBuilder._handleBadAccess(BeanDeserializerBuilder.java:620)
	at com.fasterxml.jackson.databind.deser.BeanDeserializerBuilder._fixAccess(BeanDeserializerBuilder.java:537)
	at com.fasterxml.jackson.databind.deser.BeanDeserializerBuilder.build(BeanDeserializerBuilder.java:384)
	at com.fasterxml.jackson.databind.deser.BeanDeserializerFactory.buildBeanDeserializer(BeanDeserializerFactory.java:295)
	at com.fasterxml.jackson.databind.deser.BeanDeserializerFactory.createBeanDeserializer(BeanDeserializerFactory.java:151)
	at com.fasterxml.jackson.databind.deser.DeserializerCache._createDeserializer2(DeserializerCache.java:415)
	at com.fasterxml.jackson.databind.deser.DeserializerCache._createDeserializer(DeserializerCache.java:350)
	at com.fasterxml.jackson.databind.deser.DeserializerCache._createAndCache2(DeserializerCache.java:264)
	at com.fasterxml.jackson.databind.deser.DeserializerCache._createAndCacheValueDeserializer(DeserializerCache.java:244)
	at com.fasterxml.jackson.databind.deser.DeserializerCache.findValueDeserializer(DeserializerCache.java:142)
	at com.fasterxml.jackson.databind.DeserializationContext.findNonContextualValueDeserializer(DeserializationContext.java:644)
	at com.fasterxml.jackson.databind.deser.BeanDeserializerBase.resolve(BeanDeserializerBase.java:539)
	at com.fasterxml.jackson.databind.deser.DeserializerCache._createAndCache2(DeserializerCache.java:294)
	at com.fasterxml.jackson.databind.deser.DeserializerCache._createAndCacheValueDeserializer(DeserializerCache.java:244)
	at com.fasterxml.jackson.databind.deser.DeserializerCache.findValueDeserializer(DeserializerCache.java:142)
	at com.fasterxml.jackson.databind.DeserializationContext.findContextualValueDeserializer(DeserializationContext.java:621)
	at com.fasterxml.jackson.databind.deser.std.CollectionDeserializer.createContextual(CollectionDeserializer.java:188)
	at com.fasterxml.jackson.databind.deser.std.CollectionDeserializer.createContextual(CollectionDeserializer.java:28)
	at com.fasterxml.jackson.databind.DeserializationContext.handlePrimaryContextualization(DeserializationContext.java:836)
	at com.fasterxml.jackson.databind.deser.BeanDeserializerBase.resolve(BeanDeserializerBase.java:550)
	at com.fasterxml.jackson.databind.deser.DeserializerCache._createAndCache2(DeserializerCache.java:294)
	at com.fasterxml.jackson.databind.deser.DeserializerCache._createAndCacheValueDeserializer(DeserializerCache.java:244)
	at com.fasterxml.jackson.databind.deser.DeserializerCache.findValueDeserializer(DeserializerCache.java:142)
	at com.fasterxml.jackson.databind.DeserializationContext.findRootValueDeserializer(DeserializationContext.java:654)
	at com.fasterxml.jackson.databind.ObjectMapper._findRootDeserializer(ObjectMapper.java:4956)
	at com.fasterxml.jackson.databind.ObjectMapper._readMapAndClose(ObjectMapper.java:4826)
	at com.fasterxml.jackson.databind.ObjectMapper.readValue(ObjectMapper.java:3772)
	at com.fasterxml.jackson.databind.ObjectMapper.readValue(ObjectMapper.java:3740)
	at com.angrysurfer.core.redis.UserConfigHelper.loadConfigFromRedis(UserConfigHelper.java:67)
	at com.angrysurfer.core.service.UserConfigManager.saveConfiguration(UserConfigManager.java:243)
	at com.angrysurfer.core.service.UserConfigManager.populateDefaultPlayers(UserConfigManager.java:710)
	at com.angrysurfer.core.service.UserConfigManager.ensureDefaultsExist(UserConfigManager.java:1128)
	at com.angrysurfer.core.service.UserConfigManager.loadConfiguration(UserConfigManager.java:194)
	at com.angrysurfer.core.service.UserConfigManager.initialize(UserConfigManager.java:147)
	at com.angrysurfer.beats.App.initializeServices(App.java:169)
	at com.angrysurfer.beats.App.lambda$startInitialization$3(App.java:71)
	at java.base/java.lang.Thread.run(Thread.java:1583)
Caused by: java.lang.IllegalArgumentException: Failed to call `setAccess()` on Field 'name' (of class `javax.sound.midi.MidiDevice$Info`) due to `java.lang.reflect.InaccessibleObjectException`, problem: Unable to make field private final java.lang.String javax.sound.midi.MidiDevice$Info.name accessible: module java.desktop does not "opens javax.sound.midi" to unnamed module @497a1c7d
	at com.fasterxml.jackson.databind.util.ClassUtil.checkAndFixAccess(ClassUtil.java:1008)
	at com.fasterxml.jackson.databind.deser.impl.FieldProperty.fixAccess(FieldProperty.java:104)
	at com.fasterxml.jackson.databind.deser.BeanDeserializerBuilder._fixAccess(BeanDeserializerBuilder.java:535)
	... 35 common frames omitted
Caused by: java.lang.reflect.InaccessibleObjectException: Unable to make field private final java.lang.String javax.sound.midi.MidiDevice$Info.name accessible: module java.desktop does not "opens javax.sound.midi" to unnamed module @497a1c7d
	at java.base/java.lang.reflect.AccessibleObject.throwInaccessibleObjectException(AccessibleObject.java:391)
	at java.base/java.lang.reflect.AccessibleObject.checkCanSetAccessible(AccessibleObject.java:367)
	at java.base/java.lang.reflect.AccessibleObject.checkCanSetAccessible(AccessibleObject.java:315)
	at java.base/java.lang.reflect.Field.checkCanSetAccessible(Field.java:183)
	at java.base/java.lang.reflect.Field.setAccessible(Field.java:177)
	at com.fasterxml.jackson.databind.util.ClassUtil.checkAndFixAccess(ClassUtil.java:995)
	... 37 common frames omitted
2025-10-14 15:19:04.425 [Thread-2] ERROR c.a.core.service.UserConfigManager - Failed to verify UserConfig was properly saved to Redis
2025-10-14 15:19:04.425 [Thread-2] INFO  c.a.core.service.UserConfigManager - Added 24 default players to UserConfig
2025-10-14 15:19:04.425 [Thread-2] INFO  c.a.core.service.UserConfigManager - Saving configuration with newly created defaults
2025-10-14 15:19:04.495 [Thread-2] INFO  c.a.core.redis.UserConfigHelper - Saved UserConfig with ID 1 to Redis (size: 30972 bytes)
2025-10-14 15:19:04.505 [Thread-2] ERROR c.angrysurfer.core.util.ErrorHandler - [UserConfigHelper] Error loading config with ID 1: Invalid type definition for type `javax.sound.midi.MidiDevice$Info`: Failed to call `setAccess()` on Field 'name' (of class `javax.sound.midi.MidiDevice$Info`) due to `java.lang.reflect.InaccessibleObjectException`, problem: Unable to make field private final java.lang.String javax.sound.midi.MidiDevice$Info.name accessible: module java.desktop does not "opens javax.sound.midi" to unnamed module @497a1c7d
 at [Source: (String)"{"id":1,"instruments":[{"id":150,"internal":true,"bankMSB":0,"bankLSB":0,"assignedToPlayer":false,"isDefault":true,"controlCodes":[],"pads":[],"name":"Gervill Drums","deviceName":"Gervill","internalSynth":true,"description":"Default drum instrument.","receivedChannels":[0,1,2,3,4,5,6,7,8,9,10,11,12,13,14,15],"channel":9,"lowestNote":35,"highestNote":50,"highestPreset":null,"preferredPreset":null,"hasAssignments":null,"playerClassName":null,"available":true,"patterns":null,"preset":1,"soundbankNa"[truncated 30472 chars]; line: 1, column: 1]
com.fasterxml.jackson.databind.exc.InvalidDefinitionException: Invalid type definition for type `javax.sound.midi.MidiDevice$Info`: Failed to call `setAccess()` on Field 'name' (of class `javax.sound.midi.MidiDevice$Info`) due to `java.lang.reflect.InaccessibleObjectException`, problem: Unable to make field private final java.lang.String javax.sound.midi.MidiDevice$Info.name accessible: module java.desktop does not "opens javax.sound.midi" to unnamed module @497a1c7d
 at [Source: (String)"{"id":1,"instruments":[{"id":150,"internal":true,"bankMSB":0,"bankLSB":0,"assignedToPlayer":false,"isDefault":true,"controlCodes":[],"pads":[],"name":"Gervill Drums","deviceName":"Gervill","internalSynth":true,"description":"Default drum instrument.","receivedChannels":[0,1,2,3,4,5,6,7,8,9,10,11,12,13,14,15],"channel":9,"lowestNote":35,"highestNote":50,"highestPreset":null,"preferredPreset":null,"hasAssignments":null,"playerClassName":null,"available":true,"patterns":null,"preset":1,"soundbankNa"[truncated 30472 chars]; line: 1, column: 1]
	at com.fasterxml.jackson.databind.exc.InvalidDefinitionException.from(InvalidDefinitionException.java:62)
	at com.fasterxml.jackson.databind.DeserializationContext.reportBadTypeDefinition(DeserializationContext.java:1893)
	at com.fasterxml.jackson.databind.deser.BeanDeserializerBuilder._handleBadAccess(BeanDeserializerBuilder.java:620)
	at com.fasterxml.jackson.databind.deser.BeanDeserializerBuilder._fixAccess(BeanDeserializerBuilder.java:537)
	at com.fasterxml.jackson.databind.deser.BeanDeserializerBuilder.build(BeanDeserializerBuilder.java:384)
	at com.fasterxml.jackson.databind.deser.BeanDeserializerFactory.buildBeanDeserializer(BeanDeserializerFactory.java:295)
	at com.fasterxml.jackson.databind.deser.BeanDeserializerFactory.createBeanDeserializer(BeanDeserializerFactory.java:151)
	at com.fasterxml.jackson.databind.deser.DeserializerCache._createDeserializer2(DeserializerCache.java:415)
	at com.fasterxml.jackson.databind.deser.DeserializerCache._createDeserializer(DeserializerCache.java:350)
	at com.fasterxml.jackson.databind.deser.DeserializerCache._createAndCache2(DeserializerCache.java:264)
	at com.fasterxml.jackson.databind.deser.DeserializerCache._createAndCacheValueDeserializer(DeserializerCache.java:244)
	at com.fasterxml.jackson.databind.deser.DeserializerCache.findValueDeserializer(DeserializerCache.java:142)
	at com.fasterxml.jackson.databind.DeserializationContext.findNonContextualValueDeserializer(DeserializationContext.java:644)
	at com.fasterxml.jackson.databind.deser.BeanDeserializerBase.resolve(BeanDeserializerBase.java:539)
	at com.fasterxml.jackson.databind.deser.DeserializerCache._createAndCache2(DeserializerCache.java:294)
	at com.fasterxml.jackson.databind.deser.DeserializerCache._createAndCacheValueDeserializer(DeserializerCache.java:244)
	at com.fasterxml.jackson.databind.deser.DeserializerCache.findValueDeserializer(DeserializerCache.java:142)
	at com.fasterxml.jackson.databind.DeserializationContext.findContextualValueDeserializer(DeserializationContext.java:621)
	at com.fasterxml.jackson.databind.deser.std.CollectionDeserializer.createContextual(CollectionDeserializer.java:188)
	at com.fasterxml.jackson.databind.deser.std.CollectionDeserializer.createContextual(CollectionDeserializer.java:28)
	at com.fasterxml.jackson.databind.DeserializationContext.handlePrimaryContextualization(DeserializationContext.java:836)
	at com.fasterxml.jackson.databind.deser.BeanDeserializerBase.resolve(BeanDeserializerBase.java:550)
	at com.fasterxml.jackson.databind.deser.DeserializerCache._createAndCache2(DeserializerCache.java:294)
	at com.fasterxml.jackson.databind.deser.DeserializerCache._createAndCacheValueDeserializer(DeserializerCache.java:244)
	at com.fasterxml.jackson.databind.deser.DeserializerCache.findValueDeserializer(DeserializerCache.java:142)
	at com.fasterxml.jackson.databind.DeserializationContext.findRootValueDeserializer(DeserializationContext.java:654)
	at com.fasterxml.jackson.databind.ObjectMapper._findRootDeserializer(ObjectMapper.java:4956)
	at com.fasterxml.jackson.databind.ObjectMapper._readMapAndClose(ObjectMapper.java:4826)
	at com.fasterxml.jackson.databind.ObjectMapper.readValue(ObjectMapper.java:3772)
	at com.fasterxml.jackson.databind.ObjectMapper.readValue(ObjectMapper.java:3740)
	at com.angrysurfer.core.redis.UserConfigHelper.loadConfigFromRedis(UserConfigHelper.java:67)
	at com.angrysurfer.core.service.UserConfigManager.saveConfiguration(UserConfigManager.java:243)
	at com.angrysurfer.core.service.UserConfigManager.ensureDefaultsExist(UserConfigManager.java:1140)
	at com.angrysurfer.core.service.UserConfigManager.loadConfiguration(UserConfigManager.java:194)
	at com.angrysurfer.core.service.UserConfigManager.initialize(UserConfigManager.java:147)
	at com.angrysurfer.beats.App.initializeServices(App.java:169)
	at com.angrysurfer.beats.App.lambda$startInitialization$3(App.java:71)
	at java.base/java.lang.Thread.run(Thread.java:1583)
Caused by: java.lang.IllegalArgumentException: Failed to call `setAccess()` on Field 'name' (of class `javax.sound.midi.MidiDevice$Info`) due to `java.lang.reflect.InaccessibleObjectException`, problem: Unable to make field private final java.lang.String javax.sound.midi.MidiDevice$Info.name accessible: module java.desktop does not "opens javax.sound.midi" to unnamed module @497a1c7d
	at com.fasterxml.jackson.databind.util.ClassUtil.checkAndFixAccess(ClassUtil.java:1008)
	at com.fasterxml.jackson.databind.deser.impl.FieldProperty.fixAccess(FieldProperty.java:104)
	at com.fasterxml.jackson.databind.deser.BeanDeserializerBuilder._fixAccess(BeanDeserializerBuilder.java:535)
	... 34 common frames omitted
Caused by: java.lang.reflect.InaccessibleObjectException: Unable to make field private final java.lang.String javax.sound.midi.MidiDevice$Info.name accessible: module java.desktop does not "opens javax.sound.midi" to unnamed module @497a1c7d
	at java.base/java.lang.reflect.AccessibleObject.throwInaccessibleObjectException(AccessibleObject.java:391)
	at java.base/java.lang.reflect.AccessibleObject.checkCanSetAccessible(AccessibleObject.java:367)
	at java.base/java.lang.reflect.AccessibleObject.checkCanSetAccessible(AccessibleObject.java:315)
	at java.base/java.lang.reflect.Field.checkCanSetAccessible(Field.java:183)
	at java.base/java.lang.reflect.Field.setAccessible(Field.java:177)
	at com.fasterxml.jackson.databind.util.ClassUtil.checkAndFixAccess(ClassUtil.java:995)
	... 36 common frames omitted
2025-10-14 15:19:04.505 [Thread-2] ERROR c.a.core.service.UserConfigManager - Failed to verify UserConfig was properly saved to Redis
2025-10-14 15:19:04.505 [Thread-2] INFO  c.a.core.service.InstrumentManager - Refreshing instruments cache
2025-10-14 15:19:04.505 [Thread-2] INFO  c.a.core.service.InstrumentManager - Initializing instrument cache
2025-10-14 15:19:04.505 [Thread-2] INFO  c.a.core.service.InstrumentManager - Cached 9 instruments
2025-10-14 15:19:04.506 [AWT-EventQueue-0] INFO  com.angrysurfer.beats.SplashScreen - Splash screen status: Loaded user configuration
2025-10-14 15:19:04.586 [Thread-2] INFO  c.a.core.redis.SessionHelper - Found 272 Strike players for session 1
2025-10-14 15:19:04.606 [Thread-2] INFO  c.a.core.redis.PlayerHelper - Loaded player 350 with 0 rules
2025-10-14 15:19:04.610 [Thread-2] INFO  c.a.core.redis.PlayerHelper - Loaded player 230 with 0 rules
2025-10-14 15:19:04.615 [Thread-2] INFO  c.a.core.redis.PlayerHelper - Loaded player 351 with 0 rules
2025-10-14 15:19:04.619 [Thread-2] INFO  c.a.core.redis.PlayerHelper - Loaded player 110 with 0 rules
2025-10-14 15:19:04.623 [Thread-2] INFO  c.a.core.redis.PlayerHelper - Loaded player 231 with 0 rules
2025-10-14 15:19:04.627 [Thread-2] INFO  c.a.core.redis.PlayerHelper - Loaded player 352 with 0 rules
2025-10-14 15:19:04.632 [Thread-2] INFO  c.a.core.redis.PlayerHelper - Loaded player 111 with 0 rules
2025-10-14 15:19:04.636 [Thread-2] INFO  c.a.core.redis.PlayerHelper - Loaded player 232 with 0 rules
2025-10-14 15:19:04.639 [Thread-2] INFO  c.a.core.redis.PlayerHelper - Loaded player 353 with 0 rules
2025-10-14 15:19:04.643 [Thread-2] INFO  c.a.core.redis.PlayerHelper - Loaded player 112 with 0 rules
2025-10-14 15:19:04.647 [Thread-2] INFO  c.a.core.redis.PlayerHelper - Loaded player 233 with 0 rules
2025-10-14 15:19:04.651 [Thread-2] INFO  c.a.core.redis.PlayerHelper - Loaded player 354 with 0 rules
2025-10-14 15:19:04.654 [Thread-2] INFO  c.a.core.redis.PlayerHelper - Loaded player 113 with 0 rules
2025-10-14 15:19:04.657 [Thread-2] INFO  c.a.core.redis.PlayerHelper - Loaded player 234 with 0 rules
2025-10-14 15:19:04.660 [Thread-2] INFO  c.a.core.redis.PlayerHelper - Loaded player 355 with 0 rules
2025-10-14 15:19:04.665 [Thread-2] INFO  c.a.core.redis.PlayerHelper - Loaded player 114 with 0 rules
2025-10-14 15:19:04.668 [Thread-2] INFO  c.a.core.redis.PlayerHelper - Loaded player 235 with 0 rules
2025-10-14 15:19:04.673 [Thread-2] INFO  c.a.core.redis.PlayerHelper - Loaded player 356 with 0 rules
2025-10-14 15:19:04.677 [Thread-2] INFO  c.a.core.redis.PlayerHelper - Loaded player 115 with 0 rules
2025-10-14 15:19:04.683 [Thread-2] INFO  c.a.core.redis.PlayerHelper - Loaded player 236 with 0 rules
2025-10-14 15:19:04.688 [Thread-2] INFO  c.a.core.redis.PlayerHelper - Loaded player 357 with 0 rules
2025-10-14 15:19:04.691 [Thread-2] INFO  c.a.core.redis.PlayerHelper - Loaded player 116 with 0 rules
2025-10-14 15:19:04.696 [Thread-2] INFO  c.a.core.redis.PlayerHelper - Loaded player 237 with 0 rules
2025-10-14 15:19:04.700 [Thread-2] INFO  c.a.core.redis.PlayerHelper - Loaded player 358 with 0 rules
2025-10-14 15:19:04.703 [Thread-2] INFO  c.a.core.redis.PlayerHelper - Loaded player 117 with 0 rules
2025-10-14 15:19:04.707 [Thread-2] INFO  c.a.core.redis.PlayerHelper - Loaded player 238 with 0 rules
2025-10-14 15:19:04.712 [Thread-2] INFO  c.a.core.redis.PlayerHelper - Loaded player 359 with 0 rules
2025-10-14 15:19:04.716 [Thread-2] INFO  c.a.core.redis.PlayerHelper - Loaded player 118 with 0 rules
2025-10-14 15:19:04.719 [Thread-2] INFO  c.a.core.redis.PlayerHelper - Loaded player 239 with 0 rules
2025-10-14 15:19:04.722 [Thread-2] INFO  c.a.core.redis.PlayerHelper - Loaded player 119 with 0 rules
2025-10-14 15:19:04.727 [Thread-2] INFO  c.a.core.redis.PlayerHelper - Loaded player 360 with 0 rules
2025-10-14 15:19:04.731 [Thread-2] INFO  c.a.core.redis.PlayerHelper - Loaded player 240 with 0 rules
2025-10-14 15:19:04.734 [Thread-2] INFO  c.a.core.redis.PlayerHelper - Loaded player 361 with 0 rules
2025-10-14 15:19:04.737 [Thread-2] INFO  c.a.core.redis.PlayerHelper - Loaded player 120 with 0 rules
2025-10-14 15:19:04.742 [Thread-2] INFO  c.a.core.redis.PlayerHelper - Loaded player 241 with 0 rules
2025-10-14 15:19:04.746 [Thread-2] INFO  c.a.core.redis.PlayerHelper - Loaded player 121 with 0 rules
2025-10-14 15:19:04.749 [Thread-2] INFO  c.a.core.redis.PlayerHelper - Loaded player 370 with 0 rules
2025-10-14 15:19:04.751 [Thread-2] INFO  c.a.core.redis.PlayerHelper - Loaded player 250 with 0 rules
2025-10-14 15:19:04.754 [Thread-2] INFO  c.a.core.redis.PlayerHelper - Loaded player 371 with 0 rules
2025-10-14 15:19:04.757 [Thread-2] INFO  c.a.core.redis.PlayerHelper - Loaded player 130 with 0 rules
2025-10-14 15:19:04.760 [Thread-2] INFO  c.a.core.redis.PlayerHelper - Loaded player 251 with 0 rules
2025-10-14 15:19:04.763 [Thread-2] INFO  c.a.core.redis.PlayerHelper - Loaded player 372 with 0 rules
2025-10-14 15:19:04.766 [Thread-2] INFO  c.a.core.redis.PlayerHelper - Loaded player 131 with 0 rules
2025-10-14 15:19:04.768 [Thread-2] INFO  c.a.core.redis.PlayerHelper - Loaded player 252 with 0 rules
2025-10-14 15:19:04.770 [Thread-2] INFO  c.a.core.redis.PlayerHelper - Loaded player 373 with 0 rules
2025-10-14 15:19:04.773 [Thread-2] INFO  c.a.core.redis.PlayerHelper - Loaded player 132 with 0 rules
2025-10-14 15:19:04.775 [Thread-2] INFO  c.a.core.redis.PlayerHelper - Loaded player 253 with 0 rules
2025-10-14 15:19:04.778 [Thread-2] INFO  c.a.core.redis.PlayerHelper - Loaded player 374 with 0 rules
2025-10-14 15:19:04.781 [Thread-2] INFO  c.a.core.redis.PlayerHelper - Loaded player 133 with 0 rules
2025-10-14 15:19:04.783 [Thread-2] INFO  c.a.core.redis.PlayerHelper - Loaded player 254 with 0 rules
2025-10-14 15:19:04.786 [Thread-2] INFO  c.a.core.redis.PlayerHelper - Loaded player 375 with 0 rules
2025-10-14 15:19:04.788 [Thread-2] INFO  c.a.core.redis.PlayerHelper - Loaded player 134 with 0 rules
2025-10-14 15:19:04.791 [Thread-2] INFO  c.a.core.redis.PlayerHelper - Loaded player 255 with 0 rules
2025-10-14 15:19:04.794 [Thread-2] INFO  c.a.core.redis.PlayerHelper - Loaded player 376 with 0 rules
2025-10-14 15:19:04.797 [Thread-2] INFO  c.a.core.redis.PlayerHelper - Loaded player 135 with 0 rules
2025-10-14 15:19:04.800 [Thread-2] INFO  c.a.core.redis.PlayerHelper - Loaded player 256 with 0 rules
2025-10-14 15:19:04.802 [Thread-2] INFO  c.a.core.redis.PlayerHelper - Loaded player 377 with 0 rules
2025-10-14 15:19:04.805 [Thread-2] INFO  c.a.core.redis.PlayerHelper - Loaded player 136 with 0 rules
2025-10-14 15:19:04.807 [Thread-2] INFO  c.a.core.redis.PlayerHelper - Loaded player 257 with 0 rules
2025-10-14 15:19:04.809 [Thread-2] INFO  c.a.core.redis.PlayerHelper - Loaded player 378 with 0 rules
2025-10-14 15:19:04.813 [Thread-2] INFO  c.a.core.redis.PlayerHelper - Loaded player 137 with 0 rules
2025-10-14 15:19:04.815 [Thread-2] INFO  c.a.core.redis.PlayerHelper - Loaded player 258 with 0 rules
2025-10-14 15:19:04.818 [Thread-2] INFO  c.a.core.redis.PlayerHelper - Loaded player 379 with 0 rules
2025-10-14 15:19:04.820 [Thread-2] INFO  c.a.core.redis.PlayerHelper - Loaded player 138 with 0 rules
2025-10-14 15:19:04.822 [Thread-2] INFO  c.a.core.redis.PlayerHelper - Loaded player 259 with 0 rules
2025-10-14 15:19:04.825 [Thread-2] INFO  c.a.core.redis.PlayerHelper - Loaded player 139 with 0 rules
2025-10-14 15:19:04.828 [Thread-2] INFO  c.a.core.redis.PlayerHelper - Loaded player 33 with 0 rules
2025-10-14 15:19:04.830 [Thread-2] INFO  c.a.core.redis.PlayerHelper - Loaded player 34 with 0 rules
2025-10-14 15:19:04.834 [Thread-2] INFO  c.a.core.redis.PlayerHelper - Loaded player 35 with 0 rules
2025-10-14 15:19:04.837 [Thread-2] INFO  c.a.core.redis.PlayerHelper - Loaded player 36 with 0 rules
2025-10-14 15:19:04.839 [Thread-2] INFO  c.a.core.redis.PlayerHelper - Loaded player 37 with 0 rules
2025-10-14 15:19:04.841 [Thread-2] INFO  c.a.core.redis.PlayerHelper - Loaded player 38 with 0 rules
2025-10-14 15:19:04.844 [Thread-2] INFO  c.a.core.redis.PlayerHelper - Loaded player 39 with 0 rules
2025-10-14 15:19:04.847 [Thread-2] INFO  c.a.core.redis.PlayerHelper - Loaded player 380 with 0 rules
2025-10-14 15:19:04.850 [Thread-2] INFO  c.a.core.redis.PlayerHelper - Loaded player 260 with 0 rules
2025-10-14 15:19:04.853 [Thread-2] INFO  c.a.core.redis.PlayerHelper - Loaded player 381 with 0 rules
2025-10-14 15:19:04.856 [Thread-2] INFO  c.a.core.redis.PlayerHelper - Loaded player 140 with 0 rules
2025-10-14 15:19:04.858 [Thread-2] INFO  c.a.core.redis.PlayerHelper - Loaded player 261 with 0 rules
2025-10-14 15:19:04.862 [Thread-2] INFO  c.a.core.redis.PlayerHelper - Loaded player 382 with 0 rules
2025-10-14 15:19:04.866 [Thread-2] INFO  c.a.core.redis.PlayerHelper - Loaded player 141 with 0 rules
2025-10-14 15:19:04.868 [Thread-2] INFO  c.a.core.redis.PlayerHelper - Loaded player 262 with 0 rules
2025-10-14 15:19:04.872 [Thread-2] INFO  c.a.core.redis.PlayerHelper - Loaded player 383 with 0 rules
2025-10-14 15:19:04.875 [Thread-2] INFO  c.a.core.redis.PlayerHelper - Loaded player 142 with 0 rules
2025-10-14 15:19:04.880 [Thread-2] INFO  c.a.core.redis.PlayerHelper - Loaded player 263 with 0 rules
2025-10-14 15:19:04.884 [Thread-2] INFO  c.a.core.redis.PlayerHelper - Loaded player 384 with 0 rules
2025-10-14 15:19:04.887 [Thread-2] INFO  c.a.core.redis.PlayerHelper - Loaded player 143 with 0 rules
2025-10-14 15:19:04.891 [Thread-2] INFO  c.a.core.redis.PlayerHelper - Loaded player 264 with 0 rules
2025-10-14 15:19:04.895 [Thread-2] INFO  c.a.core.redis.PlayerHelper - Loaded player 385 with 0 rules
2025-10-14 15:19:04.899 [Thread-2] INFO  c.a.core.redis.PlayerHelper - Loaded player 144 with 0 rules
2025-10-14 15:19:04.903 [Thread-2] INFO  c.a.core.redis.PlayerHelper - Loaded player 265 with 0 rules
2025-10-14 15:19:04.906 [Thread-2] INFO  c.a.core.redis.PlayerHelper - Loaded player 145 with 0 rules
2025-10-14 15:19:04.910 [Thread-2] INFO  c.a.core.redis.PlayerHelper - Loaded player 40 with 0 rules
2025-10-14 15:19:04.914 [Thread-2] INFO  c.a.core.redis.PlayerHelper - Loaded player 41 with 0 rules
2025-10-14 15:19:04.917 [Thread-2] INFO  c.a.core.redis.PlayerHelper - Loaded player 42 with 0 rules
2025-10-14 15:19:04.921 [Thread-2] INFO  c.a.core.redis.PlayerHelper - Loaded player 43 with 0 rules
2025-10-14 15:19:04.924 [Thread-2] INFO  c.a.core.redis.PlayerHelper - Loaded player 44 with 0 rules
2025-10-14 15:19:04.928 [Thread-2] INFO  c.a.core.redis.PlayerHelper - Loaded player 45 with 0 rules
2025-10-14 15:19:04.932 [Thread-2] INFO  c.a.core.redis.PlayerHelper - Loaded player 46 with 0 rules
2025-10-14 15:19:04.934 [Thread-2] INFO  c.a.core.redis.PlayerHelper - Loaded player 47 with 0 rules
2025-10-14 15:19:04.938 [Thread-2] INFO  c.a.core.redis.PlayerHelper - Loaded player 48 with 0 rules
2025-10-14 15:19:04.941 [Thread-2] INFO  c.a.core.redis.PlayerHelper - Loaded player 394 with 0 rules
2025-10-14 15:19:04.945 [Thread-2] INFO  c.a.core.redis.PlayerHelper - Loaded player 274 with 0 rules
2025-10-14 15:19:04.949 [Thread-2] INFO  c.a.core.redis.PlayerHelper - Loaded player 395 with 0 rules
2025-10-14 15:19:04.952 [Thread-2] INFO  c.a.core.redis.PlayerHelper - Loaded player 154 with 0 rules
2025-10-14 15:19:04.955 [Thread-2] INFO  c.a.core.redis.PlayerHelper - Loaded player 275 with 0 rules
2025-10-14 15:19:04.957 [Thread-2] INFO  c.a.core.redis.PlayerHelper - Loaded player 396 with 0 rules
2025-10-14 15:19:04.962 [Thread-2] INFO  c.a.core.redis.PlayerHelper - Loaded player 155 with 0 rules
2025-10-14 15:19:04.965 [Thread-2] INFO  c.a.core.redis.PlayerHelper - Loaded player 276 with 0 rules
2025-10-14 15:19:04.967 [Thread-2] INFO  c.a.core.redis.PlayerHelper - Loaded player 397 with 0 rules
2025-10-14 15:19:04.971 [Thread-2] INFO  c.a.core.redis.PlayerHelper - Loaded player 156 with 0 rules
2025-10-14 15:19:04.973 [Thread-2] INFO  c.a.core.redis.PlayerHelper - Loaded player 277 with 0 rules
2025-10-14 15:19:04.976 [Thread-2] INFO  c.a.core.redis.PlayerHelper - Loaded player 398 with 0 rules
2025-10-14 15:19:04.980 [Thread-2] INFO  c.a.core.redis.PlayerHelper - Loaded player 157 with 0 rules
2025-10-14 15:19:04.982 [Thread-2] INFO  c.a.core.redis.PlayerHelper - Loaded player 278 with 0 rules
2025-10-14 15:19:04.986 [Thread-2] INFO  c.a.core.redis.PlayerHelper - Loaded player 399 with 0 rules
2025-10-14 15:19:04.988 [Thread-2] INFO  c.a.core.redis.PlayerHelper - Loaded player 158 with 0 rules
2025-10-14 15:19:04.991 [Thread-2] INFO  c.a.core.redis.PlayerHelper - Loaded player 279 with 0 rules
2025-10-14 15:19:04.994 [Thread-2] INFO  c.a.core.redis.PlayerHelper - Loaded player 159 with 0 rules
2025-10-14 15:19:04.998 [Thread-2] INFO  c.a.core.redis.PlayerHelper - Loaded player 57 with 0 rules
2025-10-14 15:19:05.001 [Thread-2] INFO  c.a.core.redis.PlayerHelper - Loaded player 58 with 0 rules
2025-10-14 15:19:05.004 [Thread-2] INFO  c.a.core.redis.PlayerHelper - Loaded player 59 with 0 rules
2025-10-14 15:19:05.006 [Thread-2] INFO  c.a.core.redis.PlayerHelper - Loaded player 280 with 0 rules
2025-10-14 15:19:05.010 [Thread-2] INFO  c.a.core.redis.PlayerHelper - Loaded player 160 with 0 rules
2025-10-14 15:19:05.013 [Thread-2] INFO  c.a.core.redis.PlayerHelper - Loaded player 281 with 0 rules
2025-10-14 15:19:05.016 [Thread-2] INFO  c.a.core.redis.PlayerHelper - Loaded player 161 with 0 rules
2025-10-14 15:19:05.019 [Thread-2] INFO  c.a.core.redis.PlayerHelper - Loaded player 282 with 0 rules
2025-10-14 15:19:05.021 [Thread-2] INFO  c.a.core.redis.PlayerHelper - Loaded player 162 with 0 rules
2025-10-14 15:19:05.037 [Thread-2] INFO  c.a.core.redis.PlayerHelper - Loaded player 283 with 0 rules
2025-10-14 15:19:05.040 [Thread-2] INFO  c.a.core.redis.PlayerHelper - Loaded player 163 with 0 rules
2025-10-14 15:19:05.043 [Thread-2] INFO  c.a.core.redis.PlayerHelper - Loaded player 284 with 0 rules
2025-10-14 15:19:05.047 [Thread-2] INFO  c.a.core.redis.PlayerHelper - Loaded player 164 with 0 rules
2025-10-14 15:19:05.049 [Thread-2] INFO  c.a.core.redis.PlayerHelper - Loaded player 285 with 0 rules
2025-10-14 15:19:05.052 [Thread-2] INFO  c.a.core.redis.PlayerHelper - Loaded player 165 with 0 rules
2025-10-14 15:19:05.055 [Thread-2] INFO  c.a.core.redis.PlayerHelper - Loaded player 286 with 0 rules
2025-10-14 15:19:05.057 [Thread-2] INFO  c.a.core.redis.PlayerHelper - Loaded player 166 with 0 rules
2025-10-14 15:19:05.061 [Thread-2] INFO  c.a.core.redis.PlayerHelper - Loaded player 287 with 0 rules
2025-10-14 15:19:05.064 [Thread-2] INFO  c.a.core.redis.PlayerHelper - Loaded player 167 with 0 rules
2025-10-14 15:19:05.067 [Thread-2] INFO  c.a.core.redis.PlayerHelper - Loaded player 288 with 0 rules
2025-10-14 15:19:05.070 [Thread-2] INFO  c.a.core.redis.PlayerHelper - Loaded player 168 with 0 rules
2025-10-14 15:19:05.074 [Thread-2] INFO  c.a.core.redis.PlayerHelper - Loaded player 289 with 0 rules
2025-10-14 15:19:05.077 [Thread-2] INFO  c.a.core.redis.PlayerHelper - Loaded player 169 with 0 rules
2025-10-14 15:19:05.081 [Thread-2] INFO  c.a.core.redis.PlayerHelper - Loaded player 60 with 0 rules
2025-10-14 15:19:05.084 [Thread-2] INFO  c.a.core.redis.PlayerHelper - Loaded player 61 with 0 rules
2025-10-14 15:19:05.088 [Thread-2] INFO  c.a.core.redis.PlayerHelper - Loaded player 62 with 0 rules
2025-10-14 15:19:05.092 [Thread-2] INFO  c.a.core.redis.PlayerHelper - Loaded player 63 with 0 rules
2025-10-14 15:19:05.096 [Thread-2] INFO  c.a.core.redis.PlayerHelper - Loaded player 64 with 0 rules
2025-10-14 15:19:05.100 [Thread-2] INFO  c.a.core.redis.PlayerHelper - Loaded player 65 with 0 rules
2025-10-14 15:19:05.103 [Thread-2] INFO  c.a.core.redis.PlayerHelper - Loaded player 66 with 0 rules
2025-10-14 15:19:05.107 [Thread-2] INFO  c.a.core.redis.PlayerHelper - Loaded player 67 with 0 rules
2025-10-14 15:19:05.111 [Thread-2] INFO  c.a.core.redis.PlayerHelper - Loaded player 68 with 0 rules
2025-10-14 15:19:05.114 [Thread-2] INFO  c.a.core.redis.PlayerHelper - Loaded player 69 with 0 rules
2025-10-14 15:19:05.117 [Thread-2] INFO  c.a.core.redis.PlayerHelper - Loaded player 298 with 0 rules
2025-10-14 15:19:05.121 [Thread-2] INFO  c.a.core.redis.PlayerHelper - Loaded player 178 with 0 rules
2025-10-14 15:19:05.125 [Thread-2] INFO  c.a.core.redis.PlayerHelper - Loaded player 299 with 0 rules
2025-10-14 15:19:05.128 [Thread-2] INFO  c.a.core.redis.PlayerHelper - Loaded player 179 with 0 rules
2025-10-14 15:19:05.132 [Thread-2] INFO  c.a.core.redis.PlayerHelper - Loaded player 70 with 0 rules
2025-10-14 15:19:05.135 [Thread-2] INFO  c.a.core.redis.PlayerHelper - Loaded player 71 with 0 rules
2025-10-14 15:19:05.138 [Thread-2] INFO  c.a.core.redis.PlayerHelper - Loaded player 72 with 0 rules
2025-10-14 15:19:05.140 [Thread-2] INFO  c.a.core.redis.PlayerHelper - Loaded player 180 with 0 rules
2025-10-14 15:19:05.143 [Thread-2] INFO  c.a.core.redis.PlayerHelper - Loaded player 181 with 0 rules
2025-10-14 15:19:05.146 [Thread-2] INFO  c.a.core.redis.PlayerHelper - Loaded player 182 with 0 rules
2025-10-14 15:19:05.150 [Thread-2] INFO  c.a.core.redis.PlayerHelper - Loaded player 183 with 0 rules
2025-10-14 15:19:05.153 [Thread-2] INFO  c.a.core.redis.PlayerHelper - Loaded player 184 with 0 rules
2025-10-14 15:19:05.155 [Thread-2] INFO  c.a.core.redis.PlayerHelper - Loaded player 185 with 0 rules
2025-10-14 15:19:05.158 [Thread-2] INFO  c.a.core.redis.PlayerHelper - Loaded player 186 with 0 rules
2025-10-14 15:19:05.161 [Thread-2] INFO  c.a.core.redis.PlayerHelper - Loaded player 187 with 0 rules
2025-10-14 15:19:05.164 [Thread-2] INFO  c.a.core.redis.PlayerHelper - Loaded player 188 with 0 rules
2025-10-14 15:19:05.167 [Thread-2] INFO  c.a.core.redis.PlayerHelper - Loaded player 189 with 0 rules
2025-10-14 15:19:05.170 [Thread-2] INFO  c.a.core.redis.PlayerHelper - Loaded player 82 with 0 rules
2025-10-14 15:19:05.172 [Thread-2] INFO  c.a.core.redis.PlayerHelper - Loaded player 83 with 0 rules
2025-10-14 15:19:05.174 [Thread-2] INFO  c.a.core.redis.PlayerHelper - Loaded player 84 with 0 rules
2025-10-14 15:19:05.177 [Thread-2] INFO  c.a.core.redis.PlayerHelper - Loaded player 85 with 0 rules
2025-10-14 15:19:05.180 [Thread-2] INFO  c.a.core.redis.PlayerHelper - Loaded player 86 with 0 rules
2025-10-14 15:19:05.183 [Thread-2] INFO  c.a.core.redis.PlayerHelper - Loaded player 87 with 0 rules
2025-10-14 15:19:05.185 [Thread-2] INFO  c.a.core.redis.PlayerHelper - Loaded player 88 with 0 rules
2025-10-14 15:19:05.188 [Thread-2] INFO  c.a.core.redis.PlayerHelper - Loaded player 89 with 0 rules
2025-10-14 15:19:05.190 [Thread-2] INFO  c.a.core.redis.PlayerHelper - Loaded player 190 with 0 rules
2025-10-14 15:19:05.192 [Thread-2] INFO  c.a.core.redis.PlayerHelper - Loaded player 191 with 0 rules
2025-10-14 15:19:05.195 [Thread-2] INFO  c.a.core.redis.PlayerHelper - Loaded player 192 with 0 rules
2025-10-14 15:19:05.198 [Thread-2] INFO  c.a.core.redis.PlayerHelper - Loaded player 193 with 0 rules
2025-10-14 15:19:05.201 [Thread-2] INFO  c.a.core.redis.PlayerHelper - Loaded player 90 with 0 rules
2025-10-14 15:19:05.203 [Thread-2] INFO  c.a.core.redis.PlayerHelper - Loaded player 91 with 0 rules
2025-10-14 15:19:05.206 [Thread-2] INFO  c.a.core.redis.PlayerHelper - Loaded player 92 with 0 rules
2025-10-14 15:19:05.208 [Thread-2] INFO  c.a.core.redis.PlayerHelper - Loaded player 93 with 0 rules
2025-10-14 15:19:05.210 [Thread-2] INFO  c.a.core.redis.PlayerHelper - Loaded player 94 with 0 rules
2025-10-14 15:19:05.213 [Thread-2] INFO  c.a.core.redis.PlayerHelper - Loaded player 95 with 0 rules
2025-10-14 15:19:05.216 [Thread-2] INFO  c.a.core.redis.PlayerHelper - Loaded player 96 with 0 rules
2025-10-14 15:19:05.218 [Thread-2] INFO  c.a.core.redis.PlayerHelper - Loaded player 97 with 0 rules
2025-10-14 15:19:05.220 [Thread-2] INFO  c.a.core.redis.PlayerHelper - Loaded player 400 with 0 rules
2025-10-14 15:19:05.222 [Thread-2] INFO  c.a.core.redis.PlayerHelper - Loaded player 401 with 0 rules
2025-10-14 15:19:05.225 [Thread-2] INFO  c.a.core.redis.PlayerHelper - Loaded player 402 with 0 rules
2025-10-14 15:19:05.227 [Thread-2] INFO  c.a.core.redis.PlayerHelper - Loaded player 403 with 0 rules
2025-10-14 15:19:05.230 [Thread-2] INFO  c.a.core.redis.PlayerHelper - Loaded player 404 with 0 rules
2025-10-14 15:19:05.233 [Thread-2] INFO  c.a.core.redis.PlayerHelper - Loaded player 405 with 0 rules
2025-10-14 15:19:05.235 [Thread-2] INFO  c.a.core.redis.PlayerHelper - Loaded player 406 with 0 rules
2025-10-14 15:19:05.237 [Thread-2] INFO  c.a.core.redis.PlayerHelper - Loaded player 407 with 0 rules
2025-10-14 15:19:05.239 [Thread-2] INFO  c.a.core.redis.PlayerHelper - Loaded player 408 with 0 rules
2025-10-14 15:19:05.241 [Thread-2] INFO  c.a.core.redis.PlayerHelper - Loaded player 409 with 0 rules
2025-10-14 15:19:05.247 [Thread-2] INFO  c.a.core.redis.PlayerHelper - Loaded player 300 with 0 rules
2025-10-14 15:19:05.250 [Thread-2] INFO  c.a.core.redis.PlayerHelper - Loaded player 301 with 0 rules
2025-10-14 15:19:05.253 [Thread-2] INFO  c.a.core.redis.PlayerHelper - Loaded player 302 with 0 rules
2025-10-14 15:19:05.255 [Thread-2] INFO  c.a.core.redis.PlayerHelper - Loaded player 303 with 0 rules
2025-10-14 15:19:05.258 [Thread-2] INFO  c.a.core.redis.PlayerHelper - Loaded player 304 with 0 rules
2025-10-14 15:19:05.262 [Thread-2] INFO  c.a.core.redis.PlayerHelper - Loaded player 305 with 0 rules
2025-10-14 15:19:05.264 [Thread-2] INFO  c.a.core.redis.PlayerHelper - Loaded player 306 with 0 rules
2025-10-14 15:19:05.267 [Thread-2] INFO  c.a.core.redis.PlayerHelper - Loaded player 307 with 0 rules
2025-10-14 15:19:05.270 [Thread-2] INFO  c.a.core.redis.PlayerHelper - Loaded player 308 with 0 rules
2025-10-14 15:19:05.272 [Thread-2] INFO  c.a.core.redis.PlayerHelper - Loaded player 309 with 0 rules
2025-10-14 15:19:05.275 [Thread-2] INFO  c.a.core.redis.PlayerHelper - Loaded player 310 with 0 rules
2025-10-14 15:19:05.278 [Thread-2] INFO  c.a.core.redis.PlayerHelper - Loaded player 311 with 0 rules
2025-10-14 15:19:05.281 [Thread-2] INFO  c.a.core.redis.PlayerHelper - Loaded player 312 with 0 rules
2025-10-14 15:19:05.284 [Thread-2] INFO  c.a.core.redis.PlayerHelper - Loaded player 313 with 0 rules
2025-10-14 15:19:05.286 [Thread-2] INFO  c.a.core.redis.PlayerHelper - Loaded player 322 with 0 rules
2025-10-14 15:19:05.287 [Thread-2] INFO  c.a.core.redis.PlayerHelper - Loaded player 202 with 0 rules
2025-10-14 15:19:05.289 [Thread-2] INFO  c.a.core.redis.PlayerHelper - Loaded player 323 with 0 rules
2025-10-14 15:19:05.291 [Thread-2] INFO  c.a.core.redis.PlayerHelper - Loaded player 203 with 0 rules
2025-10-14 15:19:05.293 [Thread-2] INFO  c.a.core.redis.PlayerHelper - Loaded player 324 with 0 rules
2025-10-14 15:19:05.296 [Thread-2] INFO  c.a.core.redis.PlayerHelper - Loaded player 204 with 0 rules
2025-10-14 15:19:05.298 [Thread-2] INFO  c.a.core.redis.PlayerHelper - Loaded player 325 with 0 rules
2025-10-14 15:19:05.300 [Thread-2] INFO  c.a.core.redis.PlayerHelper - Loaded player 205 with 0 rules
2025-10-14 15:19:05.302 [Thread-2] INFO  c.a.core.redis.PlayerHelper - Loaded player 326 with 0 rules
2025-10-14 15:19:05.303 [Thread-2] INFO  c.a.core.redis.PlayerHelper - Loaded player 206 with 0 rules
2025-10-14 15:19:05.305 [Thread-2] INFO  c.a.core.redis.PlayerHelper - Loaded player 327 with 0 rules
2025-10-14 15:19:05.307 [Thread-2] INFO  c.a.core.redis.PlayerHelper - Loaded player 207 with 0 rules
2025-10-14 15:19:05.308 [Thread-2] INFO  c.a.core.redis.PlayerHelper - Loaded player 328 with 0 rules
2025-10-14 15:19:05.311 [Thread-2] INFO  c.a.core.redis.PlayerHelper - Loaded player 208 with 0 rules
2025-10-14 15:19:05.313 [Thread-2] INFO  c.a.core.redis.PlayerHelper - Loaded player 329 with 0 rules
2025-10-14 15:19:05.315 [Thread-2] INFO  c.a.core.redis.PlayerHelper - Loaded player 209 with 0 rules
2025-10-14 15:19:05.317 [Thread-2] INFO  c.a.core.redis.PlayerHelper - Loaded player 330 with 0 rules
2025-10-14 15:19:05.319 [Thread-2] INFO  c.a.core.redis.PlayerHelper - Loaded player 210 with 0 rules
2025-10-14 15:19:05.321 [Thread-2] INFO  c.a.core.redis.PlayerHelper - Loaded player 331 with 0 rules
2025-10-14 15:19:05.323 [Thread-2] INFO  c.a.core.redis.PlayerHelper - Loaded player 211 with 0 rules
2025-10-14 15:19:05.325 [Thread-2] INFO  c.a.core.redis.PlayerHelper - Loaded player 332 with 0 rules
2025-10-14 15:19:05.328 [Thread-2] INFO  c.a.core.redis.PlayerHelper - Loaded player 212 with 0 rules
2025-10-14 15:19:05.330 [Thread-2] INFO  c.a.core.redis.PlayerHelper - Loaded player 333 with 0 rules
2025-10-14 15:19:05.332 [Thread-2] INFO  c.a.core.redis.PlayerHelper - Loaded player 213 with 0 rules
2025-10-14 15:19:05.334 [Thread-2] INFO  c.a.core.redis.PlayerHelper - Loaded player 334 with 0 rules
2025-10-14 15:19:05.337 [Thread-2] INFO  c.a.core.redis.PlayerHelper - Loaded player 214 with 0 rules
2025-10-14 15:19:05.338 [Thread-2] INFO  c.a.core.redis.PlayerHelper - Loaded player 335 with 0 rules
2025-10-14 15:19:05.341 [Thread-2] INFO  c.a.core.redis.PlayerHelper - Loaded player 215 with 0 rules
2025-10-14 15:19:05.342 [Thread-2] INFO  c.a.core.redis.PlayerHelper - Loaded player 336 with 0 rules
2025-10-14 15:19:05.345 [Thread-2] INFO  c.a.core.redis.PlayerHelper - Loaded player 216 with 0 rules
2025-10-14 15:19:05.347 [Thread-2] INFO  c.a.core.redis.PlayerHelper - Loaded player 337 with 0 rules
2025-10-14 15:19:05.350 [Thread-2] INFO  c.a.core.redis.PlayerHelper - Loaded player 217 with 0 rules
2025-10-14 15:19:05.352 [Thread-2] INFO  c.a.core.redis.PlayerHelper - Loaded player 346 with 0 rules
2025-10-14 15:19:05.354 [Thread-2] INFO  c.a.core.redis.PlayerHelper - Loaded player 226 with 0 rules
2025-10-14 15:19:05.357 [Thread-2] INFO  c.a.core.redis.PlayerHelper - Loaded player 347 with 0 rules
2025-10-14 15:19:05.358 [Thread-2] INFO  c.a.core.redis.PlayerHelper - Loaded player 106 with 0 rules
2025-10-14 15:19:05.361 [Thread-2] INFO  c.a.core.redis.PlayerHelper - Loaded player 227 with 0 rules
2025-10-14 15:19:05.363 [Thread-2] INFO  c.a.core.redis.PlayerHelper - Loaded player 348 with 0 rules
2025-10-14 15:19:05.365 [Thread-2] INFO  c.a.core.redis.PlayerHelper - Loaded player 107 with 0 rules
2025-10-14 15:19:05.367 [Thread-2] INFO  c.a.core.redis.PlayerHelper - Loaded player 228 with 0 rules
2025-10-14 15:19:05.369 [Thread-2] INFO  c.a.core.redis.PlayerHelper - Loaded player 349 with 0 rules
2025-10-14 15:19:05.372 [Thread-2] INFO  c.a.core.redis.PlayerHelper - Loaded player 108 with 0 rules
2025-10-14 15:19:05.374 [Thread-2] INFO  c.a.core.redis.PlayerHelper - Loaded player 229 with 0 rules
2025-10-14 15:19:05.376 [Thread-2] INFO  c.a.core.redis.PlayerHelper - Loaded player 109 with 0 rules
2025-10-14 15:19:05.377 [Thread-2] INFO  c.a.core.redis.SessionHelper - Found 136 Note players for session 1
2025-10-14 15:19:05.384 [Thread-2] INFO  c.a.core.redis.PlayerHelper - Loaded player 194 with 0 rules
2025-10-14 15:19:05.387 [Thread-2] INFO  c.a.core.redis.PlayerHelper - Loaded player 195 with 0 rules
2025-10-14 15:19:05.389 [Thread-2] INFO  c.a.core.redis.PlayerHelper - Loaded player 196 with 0 rules
2025-10-14 15:19:05.391 [Thread-2] INFO  c.a.core.redis.PlayerHelper - Loaded player 197 with 0 rules
2025-10-14 15:19:05.394 [Thread-2] INFO  c.a.core.redis.PlayerHelper - Loaded player 198 with 0 rules
2025-10-14 15:19:05.397 [Thread-2] INFO  c.a.core.redis.PlayerHelper - Loaded player 199 with 0 rules
2025-10-14 15:19:05.398 [Thread-2] INFO  c.a.core.redis.PlayerHelper - Loaded player 98 with 0 rules
2025-10-14 15:19:05.401 [Thread-2] INFO  c.a.core.redis.PlayerHelper - Loaded player 99 with 0 rules
2025-10-14 15:19:05.403 [Thread-2] INFO  c.a.core.redis.PlayerHelper - Loaded player 362 with 0 rules
2025-10-14 15:19:05.404 [Thread-2] INFO  c.a.core.redis.PlayerHelper - Loaded player 242 with 0 rules
2025-10-14 15:19:05.406 [Thread-2] INFO  c.a.core.redis.PlayerHelper - Loaded player 363 with 0 rules
2025-10-14 15:19:05.408 [Thread-2] INFO  c.a.core.redis.PlayerHelper - Loaded player 122 with 0 rules
2025-10-14 15:19:05.410 [Thread-2] INFO  c.a.core.redis.PlayerHelper - Loaded player 243 with 0 rules
2025-10-14 15:19:05.413 [Thread-2] INFO  c.a.core.redis.PlayerHelper - Loaded player 364 with 0 rules
2025-10-14 15:19:05.415 [Thread-2] INFO  c.a.core.redis.PlayerHelper - Loaded player 123 with 0 rules
2025-10-14 15:19:05.417 [Thread-2] INFO  c.a.core.redis.PlayerHelper - Loaded player 244 with 0 rules
2025-10-14 15:19:05.419 [Thread-2] INFO  c.a.core.redis.PlayerHelper - Loaded player 365 with 0 rules
2025-10-14 15:19:05.421 [Thread-2] INFO  c.a.core.redis.PlayerHelper - Loaded player 124 with 0 rules
2025-10-14 15:19:05.423 [Thread-2] INFO  c.a.core.redis.PlayerHelper - Loaded player 245 with 0 rules
2025-10-14 15:19:05.424 [Thread-2] INFO  c.a.core.redis.PlayerHelper - Loaded player 366 with 0 rules
2025-10-14 15:19:05.427 [Thread-2] INFO  c.a.core.redis.PlayerHelper - Loaded player 125 with 0 rules
2025-10-14 15:19:05.430 [Thread-2] INFO  c.a.core.redis.PlayerHelper - Loaded player 246 with 0 rules
2025-10-14 15:19:05.432 [Thread-2] INFO  c.a.core.redis.PlayerHelper - Loaded player 367 with 0 rules
2025-10-14 15:19:05.434 [Thread-2] INFO  c.a.core.redis.PlayerHelper - Loaded player 126 with 0 rules
2025-10-14 15:19:05.436 [Thread-2] INFO  c.a.core.redis.PlayerHelper - Loaded player 247 with 0 rules
2025-10-14 15:19:05.437 [Thread-2] INFO  c.a.core.redis.PlayerHelper - Loaded player 368 with 0 rules
2025-10-14 15:19:05.440 [Thread-2] INFO  c.a.core.redis.PlayerHelper - Loaded player 127 with 0 rules
2025-10-14 15:19:05.441 [Thread-2] INFO  c.a.core.redis.PlayerHelper - Loaded player 248 with 0 rules
2025-10-14 15:19:05.445 [Thread-2] INFO  c.a.core.redis.PlayerHelper - Loaded player 369 with 0 rules
2025-10-14 15:19:05.447 [Thread-2] INFO  c.a.core.redis.PlayerHelper - Loaded player 128 with 0 rules
2025-10-14 15:19:05.449 [Thread-2] INFO  c.a.core.redis.PlayerHelper - Loaded player 249 with 0 rules
2025-10-14 15:19:05.451 [Thread-2] INFO  c.a.core.redis.PlayerHelper - Loaded player 129 with 0 rules
2025-10-14 15:19:05.453 [Thread-2] INFO  c.a.core.redis.PlayerHelper - Loaded player 410 with 0 rules
2025-10-14 15:19:05.455 [Thread-2] INFO  c.a.core.redis.PlayerHelper - Loaded player 411 with 0 rules
2025-10-14 15:19:05.457 [Thread-2] INFO  c.a.core.redis.PlayerHelper - Loaded player 412 with 0 rules
2025-10-14 15:19:05.459 [Thread-2] INFO  c.a.core.redis.PlayerHelper - Loaded player 413 with 0 rules
2025-10-14 15:19:05.462 [Thread-2] INFO  c.a.core.redis.PlayerHelper - Loaded player 414 with 0 rules
2025-10-14 15:19:05.464 [Thread-2] INFO  c.a.core.redis.PlayerHelper - Loaded player 415 with 0 rules
2025-10-14 15:19:05.466 [Thread-2] INFO  c.a.core.redis.PlayerHelper - Loaded player 416 with 0 rules
2025-10-14 15:19:05.468 [Thread-2] INFO  c.a.core.redis.PlayerHelper - Loaded player 417 with 0 rules
2025-10-14 15:19:05.470 [Thread-2] INFO  c.a.core.redis.PlayerHelper - Loaded player 386 with 0 rules
2025-10-14 15:19:05.472 [Thread-2] INFO  c.a.core.redis.PlayerHelper - Loaded player 266 with 0 rules
2025-10-14 15:19:05.474 [Thread-2] INFO  c.a.core.redis.PlayerHelper - Loaded player 387 with 0 rules
2025-10-14 15:19:05.476 [Thread-2] INFO  c.a.core.redis.PlayerHelper - Loaded player 146 with 0 rules
2025-10-14 15:19:05.478 [Thread-2] INFO  c.a.core.redis.PlayerHelper - Loaded player 267 with 0 rules
2025-10-14 15:19:05.480 [Thread-2] INFO  c.a.core.redis.PlayerHelper - Loaded player 388 with 0 rules
2025-10-14 15:19:05.482 [Thread-2] INFO  c.a.core.redis.PlayerHelper - Loaded player 147 with 0 rules
2025-10-14 15:19:05.484 [Thread-2] INFO  c.a.core.redis.PlayerHelper - Loaded player 268 with 0 rules
2025-10-14 15:19:05.486 [Thread-2] INFO  c.a.core.redis.PlayerHelper - Loaded player 389 with 0 rules
2025-10-14 15:19:05.487 [Thread-2] INFO  c.a.core.redis.PlayerHelper - Loaded player 148 with 0 rules
2025-10-14 15:19:05.490 [Thread-2] INFO  c.a.core.redis.PlayerHelper - Loaded player 269 with 0 rules
2025-10-14 15:19:05.492 [Thread-2] INFO  c.a.core.redis.PlayerHelper - Loaded player 149 with 0 rules
2025-10-14 15:19:05.496 [Thread-2] INFO  c.a.core.redis.PlayerHelper - Loaded player 49 with 0 rules
2025-10-14 15:19:05.499 [Thread-2] INFO  c.a.core.redis.PlayerHelper - Loaded player 390 with 0 rules
2025-10-14 15:19:05.502 [Thread-2] INFO  c.a.core.redis.PlayerHelper - Loaded player 270 with 0 rules
2025-10-14 15:19:05.505 [Thread-2] INFO  c.a.core.redis.PlayerHelper - Loaded player 391 with 0 rules
2025-10-14 15:19:05.507 [Thread-2] INFO  c.a.core.redis.PlayerHelper - Loaded player 150 with 0 rules
2025-10-14 15:19:05.510 [Thread-2] INFO  c.a.core.redis.PlayerHelper - Loaded player 271 with 0 rules
2025-10-14 15:19:05.514 [Thread-2] INFO  c.a.core.redis.PlayerHelper - Loaded player 392 with 0 rules
2025-10-14 15:19:05.517 [Thread-2] INFO  c.a.core.redis.PlayerHelper - Loaded player 151 with 0 rules
2025-10-14 15:19:05.520 [Thread-2] INFO  c.a.core.redis.PlayerHelper - Loaded player 272 with 0 rules
2025-10-14 15:19:05.523 [Thread-2] INFO  c.a.core.redis.PlayerHelper - Loaded player 393 with 0 rules
2025-10-14 15:19:05.526 [Thread-2] INFO  c.a.core.redis.PlayerHelper - Loaded player 152 with 0 rules
2025-10-14 15:19:05.530 [Thread-2] INFO  c.a.core.redis.PlayerHelper - Loaded player 273 with 0 rules
2025-10-14 15:19:05.531 [Thread-2] INFO  c.a.core.redis.PlayerHelper - Loaded player 153 with 0 rules
2025-10-14 15:19:05.536 [Thread-2] INFO  c.a.core.redis.PlayerHelper - Loaded player 314 with 0 rules
2025-10-14 15:19:05.539 [Thread-2] INFO  c.a.core.redis.PlayerHelper - Loaded player 315 with 0 rules
2025-10-14 15:19:05.545 [Thread-2] INFO  c.a.core.redis.PlayerHelper - Loaded player 316 with 0 rules
2025-10-14 15:19:05.549 [Thread-2] INFO  c.a.core.redis.PlayerHelper - Loaded player 317 with 0 rules
2025-10-14 15:19:05.552 [Thread-2] INFO  c.a.core.redis.PlayerHelper - Loaded player 318 with 0 rules
2025-10-14 15:19:05.555 [Thread-2] INFO  c.a.core.redis.PlayerHelper - Loaded player 50 with 0 rules
2025-10-14 15:19:05.558 [Thread-2] INFO  c.a.core.redis.PlayerHelper - Loaded player 319 with 0 rules
2025-10-14 15:19:05.561 [Thread-2] INFO  c.a.core.redis.PlayerHelper - Loaded player 51 with 0 rules
2025-10-14 15:19:05.563 [Thread-2] INFO  c.a.core.redis.PlayerHelper - Loaded player 52 with 0 rules
2025-10-14 15:19:05.566 [Thread-2] INFO  c.a.core.redis.PlayerHelper - Loaded player 53 with 0 rules
2025-10-14 15:19:05.568 [Thread-2] INFO  c.a.core.redis.PlayerHelper - Loaded player 54 with 0 rules
2025-10-14 15:19:05.571 [Thread-2] INFO  c.a.core.redis.PlayerHelper - Loaded player 55 with 0 rules
2025-10-14 15:19:05.573 [Thread-2] INFO  c.a.core.redis.PlayerHelper - Loaded player 56 with 0 rules
2025-10-14 15:19:05.577 [Thread-2] INFO  c.a.core.redis.PlayerHelper - Loaded player 320 with 0 rules
2025-10-14 15:19:05.580 [Thread-2] INFO  c.a.core.redis.PlayerHelper - Loaded player 200 with 0 rules
2025-10-14 15:19:05.583 [Thread-2] INFO  c.a.core.redis.PlayerHelper - Loaded player 321 with 0 rules
2025-10-14 15:19:05.586 [Thread-2] INFO  c.a.core.redis.PlayerHelper - Loaded player 201 with 0 rules
2025-10-14 15:19:05.592 [Thread-2] INFO  c.a.core.redis.PlayerHelper - Loaded player 290 with 0 rules
2025-10-14 15:19:05.595 [Thread-2] INFO  c.a.core.redis.PlayerHelper - Loaded player 170 with 0 rules
2025-10-14 15:19:05.598 [Thread-2] INFO  c.a.core.redis.PlayerHelper - Loaded player 291 with 0 rules
2025-10-14 15:19:05.601 [Thread-2] INFO  c.a.core.redis.PlayerHelper - Loaded player 171 with 0 rules
2025-10-14 15:19:05.604 [Thread-2] INFO  c.a.core.redis.PlayerHelper - Loaded player 292 with 0 rules
2025-10-14 15:19:05.606 [Thread-2] INFO  c.a.core.redis.PlayerHelper - Loaded player 172 with 0 rules
2025-10-14 15:19:05.608 [Thread-2] INFO  c.a.core.redis.PlayerHelper - Loaded player 293 with 0 rules
2025-10-14 15:19:05.610 [Thread-2] INFO  c.a.core.redis.PlayerHelper - Loaded player 173 with 0 rules
2025-10-14 15:19:05.614 [Thread-2] INFO  c.a.core.redis.PlayerHelper - Loaded player 294 with 0 rules
2025-10-14 15:19:05.616 [Thread-2] INFO  c.a.core.redis.PlayerHelper - Loaded player 174 with 0 rules
2025-10-14 15:19:05.619 [Thread-2] INFO  c.a.core.redis.PlayerHelper - Loaded player 295 with 0 rules
2025-10-14 15:19:05.621 [Thread-2] INFO  c.a.core.redis.PlayerHelper - Loaded player 175 with 0 rules
2025-10-14 15:19:05.624 [Thread-2] INFO  c.a.core.redis.PlayerHelper - Loaded player 296 with 0 rules
2025-10-14 15:19:05.626 [Thread-2] INFO  c.a.core.redis.PlayerHelper - Loaded player 176 with 0 rules
2025-10-14 15:19:05.630 [Thread-2] INFO  c.a.core.redis.PlayerHelper - Loaded player 297 with 0 rules
2025-10-14 15:19:05.632 [Thread-2] INFO  c.a.core.redis.PlayerHelper - Loaded player 177 with 0 rules
2025-10-14 15:19:05.635 [Thread-2] INFO  c.a.core.redis.PlayerHelper - Loaded player 338 with 0 rules
2025-10-14 15:19:05.638 [Thread-2] INFO  c.a.core.redis.PlayerHelper - Loaded player 218 with 0 rules
2025-10-14 15:19:05.640 [Thread-2] INFO  c.a.core.redis.PlayerHelper - Loaded player 339 with 0 rules
2025-10-14 15:19:05.642 [Thread-2] INFO  c.a.core.redis.PlayerHelper - Loaded player 219 with 0 rules
2025-10-14 15:19:05.645 [Thread-2] INFO  c.a.core.redis.PlayerHelper - Loaded player 73 with 0 rules
2025-10-14 15:19:05.647 [Thread-2] INFO  c.a.core.redis.PlayerHelper - Loaded player 74 with 0 rules
2025-10-14 15:19:05.649 [Thread-2] INFO  c.a.core.redis.PlayerHelper - Loaded player 75 with 0 rules
2025-10-14 15:19:05.652 [Thread-2] INFO  c.a.core.redis.PlayerHelper - Loaded player 77 with 0 rules
2025-10-14 15:19:05.653 [Thread-2] INFO  c.a.core.redis.PlayerHelper - Loaded player 78 with 0 rules
2025-10-14 15:19:05.656 [Thread-2] INFO  c.a.core.redis.PlayerHelper - Loaded player 79 with 0 rules
2025-10-14 15:19:05.657 [Thread-2] INFO  c.a.core.redis.PlayerHelper - Loaded player 340 with 0 rules
2025-10-14 15:19:05.660 [Thread-2] INFO  c.a.core.redis.PlayerHelper - Loaded player 220 with 0 rules
2025-10-14 15:19:05.663 [Thread-2] INFO  c.a.core.redis.PlayerHelper - Loaded player 341 with 0 rules
2025-10-14 15:19:05.665 [Thread-2] INFO  c.a.core.redis.PlayerHelper - Loaded player 100 with 0 rules
2025-10-14 15:19:05.667 [Thread-2] INFO  c.a.core.redis.PlayerHelper - Loaded player 221 with 0 rules
2025-10-14 15:19:05.670 [Thread-2] INFO  c.a.core.redis.PlayerHelper - Loaded player 342 with 0 rules
2025-10-14 15:19:05.672 [Thread-2] INFO  c.a.core.redis.PlayerHelper - Loaded player 101 with 0 rules
2025-10-14 15:19:05.675 [Thread-2] INFO  c.a.core.redis.PlayerHelper - Loaded player 222 with 0 rules
2025-10-14 15:19:05.678 [Thread-2] INFO  c.a.core.redis.PlayerHelper - Loaded player 343 with 0 rules
2025-10-14 15:19:05.681 [Thread-2] INFO  c.a.core.redis.PlayerHelper - Loaded player 102 with 0 rules
2025-10-14 15:19:05.683 [Thread-2] INFO  c.a.core.redis.PlayerHelper - Loaded player 223 with 0 rules
2025-10-14 15:19:05.685 [Thread-2] INFO  c.a.core.redis.PlayerHelper - Loaded player 344 with 0 rules
2025-10-14 15:19:05.687 [Thread-2] INFO  c.a.core.redis.PlayerHelper - Loaded player 103 with 0 rules
2025-10-14 15:19:05.690 [Thread-2] INFO  c.a.core.redis.PlayerHelper - Loaded player 224 with 0 rules
2025-10-14 15:19:05.692 [Thread-2] INFO  c.a.core.redis.PlayerHelper - Loaded player 345 with 0 rules
2025-10-14 15:19:05.695 [Thread-2] INFO  c.a.core.redis.PlayerHelper - Loaded player 104 with 0 rules
2025-10-14 15:19:05.698 [Thread-2] INFO  c.a.core.redis.PlayerHelper - Loaded player 225 with 0 rules
2025-10-14 15:19:05.700 [Thread-2] INFO  c.a.core.redis.PlayerHelper - Loaded player 105 with 0 rules
2025-10-14 15:19:05.702 [Thread-2] INFO  c.a.core.redis.PlayerHelper - Loaded player 80 with 0 rules
2025-10-14 15:19:05.706 [Thread-2] INFO  c.a.core.redis.PlayerHelper - Loaded player 81 with 0 rules
2025-10-14 15:19:05.706 [Thread-2] INFO  c.a.core.redis.SessionHelper - Loaded session 1 with 384 players
2025-10-14 15:19:05.712 [Thread-2] INFO  c.a.c.service.DrumSequencerManager - Updated tempo settings on 0 drum sequencers: 120.0 BPM, 24 ticks per beat
2025-10-14 15:19:05.721 [Thread-2] INFO  c.a.c.r.MelodicSequenceDataHelper - Found 1 melodic sequences for sequencer 0
2025-10-14 15:19:05.721 [Thread-2] INFO  c.a.c.s.MelodicSequencerManager - Loading 1 melodic sequences for sequencer ID 0
2025-10-14 15:19:05.722 [Thread-2] INFO  c.a.c.r.MelodicSequenceDataHelper - findMelodicSequenceById(id: 1, sequencerId: 0)
2025-10-14 15:19:05.722 [Thread-2] INFO  c.a.c.r.MelodicSequenceDataHelper - {"id":1,"playerId":17,"name":"New Pattern","createdAt":1757396281737,"updatedAt":1757396281737,"swing":50,"swingEnabled":false,"patternLength":16,"looping":true,"direction":"FORWARD","shuffleAmount":0,"quantizeEnabled":true,"rootNote":0,"scale":"Major","octaveShift":0,"timingDivision":"NORMAL","sequencerId":0,"followNoteSequencerId":-1,"followTiltSequencerId":-1,"soundbankName":null,"bankIndex":0,"preset":0,"deviceName":"Gervill","instrumentId":18,"instrumentName":"Default Melo 1","activeSteps":[false,false,false,false,false,false,false,false,false,false,false,false,false,false,false,false],"noteValues":[60,60,60,60,60,60,60,60,60,60,60,60,60,60,60,60],"velocityValues":[100,100,100,100,100,100,100,100,100,100,100,100,100,100,100,100],"gateValues":[75,75,75,75,75,75,75,75,75,75,75,75,75,75,75,75],"probabilityValues":[100,100,100,100,100,100,100,100,100,100,100,100,100,100,100,100],"nudgeValues":[0,0,0,0,0,0,0,0,0,0,0,0,0,0,0,0],"tiltValues":[0,0,0,0,0,0,0,0,0,0,0,0,0,0,0,0],"muteValues":[0,0,0,0,0,0,0,0,0,0,0,0,0,0,0,0],"muteBarsValues":[1,1,1,1,1,1,1,1,1,1,1,1,1,1,1,1],"mutesBarCountValues":[0,0,0,0,0,0,0,0,0,0,0,0,0,0,0,0],"swingPercentage":50,"muteValuesRaw":[0,0,0,0,0,0,0,0,0,0,0,0,0,0,0,0],"maxSteps":16,"harmonicTiltValues":[0,0,0,0,0,0,0,0,0,0,0,0,0,0,0,0],"harmonicTiltValuesRaw":[0,0,0,0,0,0,0,0,0,0,0,0,0,0,0,0],"rootNoteAsString":"C"}
2025-10-14 15:19:05.740 [Thread-2] INFO  c.a.c.r.MelodicSequenceDataHelper - Loaded melodic sequence 1 for sequencer 0 with instrument: Default Melo 1 (Preset 0)
2025-10-14 15:19:05.740 [Thread-2] INFO  c.a.c.r.MelodicSequenceDataHelper - ID: 1, Sequencer: 0, Root: Default Melo 1, Scale: Gervill, Instrument: -1, Device: 0, Follow: Major, Looping: true
2025-10-14 15:19:05.740 [Thread-2] INFO  c.a.c.r.MelodicSequenceDataHelper - note values:
2025-10-14 15:19:05.742 [Thread-2] INFO  c.a.c.r.MelodicSequenceDataHelper - [60,60,60,60,60,60,60,60,60,60,60,60,60,60,60,60]
2025-10-14 15:19:05.742 [Thread-2] INFO  c.a.c.r.MelodicSequenceDataHelper - gate values:
2025-10-14 15:19:05.742 [Thread-2] INFO  c.a.c.r.MelodicSequenceDataHelper - [75,75,75,75,75,75,75,75,75,75,75,75,75,75,75,75]
2025-10-14 15:19:05.742 [Thread-2] INFO  c.a.c.r.MelodicSequenceDataHelper - active steps:
2025-10-14 15:19:05.742 [Thread-2] INFO  c.a.c.r.MelodicSequenceDataHelper - [false,false,false,false,false,false,false,false,false,false,false,false,false,false,false,false]
2025-10-14 15:19:05.742 [Thread-2] INFO  c.a.c.r.MelodicSequenceDataHelper - velocity values:
2025-10-14 15:19:05.742 [Thread-2] INFO  c.a.c.r.MelodicSequenceDataHelper - [100,100,100,100,100,100,100,100,100,100,100,100,100,100,100,100]
2025-10-14 15:19:05.742 [Thread-2] INFO  c.a.c.r.MelodicSequenceDataHelper - tilt:
2025-10-14 15:19:05.742 [Thread-2] INFO  c.a.c.r.MelodicSequenceDataHelper - [0,0,0,0,0,0,0,0,0,0,0,0,0,0,0,0]
2025-10-14 15:19:05.743 [Thread-2] INFO  c.a.c.r.MelodicSequenceDataHelper - mutes:
2025-10-14 15:19:05.748 [Thread-2] INFO  c.a.c.r.MelodicSequenceDataHelper - [0,0,0,0,0,0,0,0,0,0,0,0,0,0,0,0]
2025-10-14 15:19:05.749 [Thread-2] INFO  c.a.c.s.MelodicSequencerManager - Successfully loaded 1 melodic sequences for sequencer ID 0
2025-10-14 15:19:05.752 [Thread-2] INFO  c.a.c.r.MelodicSequenceDataHelper - Found 2 melodic sequences for sequencer 1
2025-10-14 15:19:05.752 [Thread-2] INFO  c.a.c.s.MelodicSequencerManager - Loading 2 melodic sequences for sequencer ID 1
2025-10-14 15:19:05.753 [Thread-2] INFO  c.a.c.r.MelodicSequenceDataHelper - findMelodicSequenceById(id: 1, sequencerId: 1)
2025-10-14 15:19:05.753 [Thread-2] INFO  c.a.c.r.MelodicSequenceDataHelper - null
2025-10-14 15:19:05.756 [Thread-2] INFO  c.a.c.r.MelodicSequenceDataHelper - Loaded melodic sequence 1 for sequencer 1 with instrument: null (Preset 0)
2025-10-14 15:19:05.756 [Thread-2] INFO  c.a.c.r.MelodicSequenceDataHelper - ID: 1, Sequencer: 1, Root: null, Scale: null, Instrument: -1, Device: 60, Follow: Chromatic, Looping: true
2025-10-14 15:19:05.756 [Thread-2] INFO  c.a.c.r.MelodicSequenceDataHelper - note values:
2025-10-14 15:19:05.756 [Thread-2] INFO  c.a.c.r.MelodicSequenceDataHelper - [60,61,62,63,64,65,66,67,68,69,70,71,60,61,62,63]
2025-10-14 15:19:05.756 [Thread-2] INFO  c.a.c.r.MelodicSequenceDataHelper - gate values:
2025-10-14 15:19:05.756 [Thread-2] INFO  c.a.c.r.MelodicSequenceDataHelper - [50,50,50,50,50,50,50,50,50,50,50,50,50,50,50,50]
2025-10-14 15:19:05.756 [Thread-2] INFO  c.a.c.r.MelodicSequenceDataHelper - active steps:
2025-10-14 15:19:05.756 [Thread-2] INFO  c.a.c.r.MelodicSequenceDataHelper - [false,false,false,false,false,false,false,false,false,false,false,false,false,false,false,false]
2025-10-14 15:19:05.756 [Thread-2] INFO  c.a.c.r.MelodicSequenceDataHelper - velocity values:
2025-10-14 15:19:05.756 [Thread-2] INFO  c.a.c.r.MelodicSequenceDataHelper - [100,100,100,100,100,100,100,100,100,100,100,100,100,100,100,100]
2025-10-14 15:19:05.756 [Thread-2] INFO  c.a.c.r.MelodicSequenceDataHelper - tilt:
2025-10-14 15:19:05.756 [Thread-2] INFO  c.a.c.r.MelodicSequenceDataHelper - [0,0,0,0,0,0,0,0,0,0,0,0,0,0,0,0]
2025-10-14 15:19:05.756 [Thread-2] INFO  c.a.c.r.MelodicSequenceDataHelper - mutes:
2025-10-14 15:19:05.756 [Thread-2] INFO  c.a.c.r.MelodicSequenceDataHelper - [0,0,0,0,0,0,0,0,0,0,0,0,0,0,0,0]
2025-10-14 15:19:05.757 [Thread-2] INFO  c.a.c.r.MelodicSequenceDataHelper - findMelodicSequenceById(id: 2, sequencerId: 1)
2025-10-14 15:19:05.757 [Thread-2] INFO  c.a.c.r.MelodicSequenceDataHelper - {"id":2,"playerId":19,"name":"New Pattern","createdAt":1757396282023,"updatedAt":1757396282023,"swing":50,"swingEnabled":false,"patternLength":16,"looping":true,"direction":"FORWARD","shuffleAmount":0,"quantizeEnabled":true,"rootNote":0,"scale":"Major","octaveShift":0,"timingDivision":"NORMAL","sequencerId":1,"followNoteSequencerId":-1,"followTiltSequencerId":-1,"soundbankName":null,"bankIndex":0,"preset":10,"deviceName":"Gervill","instrumentId":20,"instrumentName":"Default Melo 2","activeSteps":[false,false,false,false,false,false,false,false,false,false,false,false,false,false,false,false],"noteValues":[60,60,60,60,60,60,60,60,60,60,60,60,60,60,60,60],"velocityValues":[100,100,100,100,100,100,100,100,100,100,100,100,100,100,100,100],"gateValues":[75,75,75,75,75,75,75,75,75,75,75,75,75,75,75,75],"probabilityValues":[100,100,100,100,100,100,100,100,100,100,100,100,100,100,100,100],"nudgeValues":[0,0,0,0,0,0,0,0,0,0,0,0,0,0,0,0],"tiltValues":[0,0,0,0,0,0,0,0,0,0,0,0,0,0,0,0],"muteValues":[0,0,0,0,0,0,0,0,0,0,0,0,0,0,0,0],"muteBarsValues":[1,1,1,1,1,1,1,1,1,1,1,1,1,1,1,1],"mutesBarCountValues":[0,0,0,0,0,0,0,0,0,0,0,0,0,0,0,0],"swingPercentage":50,"muteValuesRaw":[0,0,0,0,0,0,0,0,0,0,0,0,0,0,0,0],"maxSteps":16,"harmonicTiltValues":[0,0,0,0,0,0,0,0,0,0,0,0,0,0,0,0],"harmonicTiltValuesRaw":[0,0,0,0,0,0,0,0,0,0,0,0,0,0,0,0],"rootNoteAsString":"C"}
2025-10-14 15:19:05.759 [Thread-2] INFO  c.a.c.r.MelodicSequenceDataHelper - Loaded melodic sequence 2 for sequencer 1 with instrument: Default Melo 2 (Preset 10)
2025-10-14 15:19:05.759 [Thread-2] INFO  c.a.c.r.MelodicSequenceDataHelper - ID: 2, Sequencer: 1, Root: Default Melo 2, Scale: Gervill, Instrument: -1, Device: 0, Follow: Major, Looping: true
2025-10-14 15:19:05.759 [Thread-2] INFO  c.a.c.r.MelodicSequenceDataHelper - note values:
2025-10-14 15:19:05.759 [Thread-2] INFO  c.a.c.r.MelodicSequenceDataHelper - [60,60,60,60,60,60,60,60,60,60,60,60,60,60,60,60]
2025-10-14 15:19:05.759 [Thread-2] INFO  c.a.c.r.MelodicSequenceDataHelper - gate values:
2025-10-14 15:19:05.759 [Thread-2] INFO  c.a.c.r.MelodicSequenceDataHelper - [75,75,75,75,75,75,75,75,75,75,75,75,75,75,75,75]
2025-10-14 15:19:05.759 [Thread-2] INFO  c.a.c.r.MelodicSequenceDataHelper - active steps:
2025-10-14 15:19:05.759 [Thread-2] INFO  c.a.c.r.MelodicSequenceDataHelper - [false,false,false,false,false,false,false,false,false,false,false,false,false,false,false,false]
2025-10-14 15:19:05.759 [Thread-2] INFO  c.a.c.r.MelodicSequenceDataHelper - velocity values:
2025-10-14 15:19:05.759 [Thread-2] INFO  c.a.c.r.MelodicSequenceDataHelper - [100,100,100,100,100,100,100,100,100,100,100,100,100,100,100,100]
2025-10-14 15:19:05.759 [Thread-2] INFO  c.a.c.r.MelodicSequenceDataHelper - tilt:
2025-10-14 15:19:05.759 [Thread-2] INFO  c.a.c.r.MelodicSequenceDataHelper - mutes:
2025-10-14 15:19:05.759 [Thread-2] INFO  c.a.c.s.MelodicSequencerManager - Successfully loaded 2 melodic sequences for sequencer ID 1
2025-10-14 15:19:05.763 [Thread-2] INFO  c.a.c.r.MelodicSequenceDataHelper - Found 2 melodic sequences for sequencer 2
2025-10-14 15:19:05.763 [Thread-2] INFO  c.a.c.s.MelodicSequencerManager - Loading 2 melodic sequences for sequencer ID 2
2025-10-14 15:19:05.765 [Thread-2] INFO  c.a.c.r.MelodicSequenceDataHelper - findMelodicSequenceById(id: 1, sequencerId: 2)
2025-10-14 15:19:05.765 [Thread-2] INFO  c.a.c.r.MelodicSequenceDataHelper - null
2025-10-14 15:19:05.767 [Thread-2] INFO  c.a.c.r.MelodicSequenceDataHelper - Loaded melodic sequence 1 for sequencer 2 with instrument: null (Preset 0)
2025-10-14 15:19:05.767 [Thread-2] INFO  c.a.c.r.MelodicSequenceDataHelper - ID: 1, Sequencer: 2, Root: null, Scale: null, Instrument: -1, Device: 60, Follow: Chromatic, Looping: true
2025-10-14 15:19:05.767 [Thread-2] INFO  c.a.c.r.MelodicSequenceDataHelper - note values:
2025-10-14 15:19:05.767 [Thread-2] INFO  c.a.c.r.MelodicSequenceDataHelper - [60,61,62,63,64,65,66,67,68,69,70,71,60,61,62,63]
2025-10-14 15:19:05.767 [Thread-2] INFO  c.a.c.r.MelodicSequenceDataHelper - gate values:
2025-10-14 15:19:05.767 [Thread-2] INFO  c.a.c.r.MelodicSequenceDataHelper - [50,50,50,50,50,50,50,50,50,50,50,50,50,50,50,50]
2025-10-14 15:19:05.767 [Thread-2] INFO  c.a.c.r.MelodicSequenceDataHelper - active steps:
2025-10-14 15:19:05.767 [Thread-2] INFO  c.a.c.r.MelodicSequenceDataHelper - [false,false,false,false,false,false,false,false,false,false,false,false,false,false,false,false]
2025-10-14 15:19:05.767 [Thread-2] INFO  c.a.c.r.MelodicSequenceDataHelper - velocity values:
2025-10-14 15:19:05.767 [Thread-2] INFO  c.a.c.r.MelodicSequenceDataHelper - [100,100,100,100,100,100,100,100,100,100,100,100,100,100,100,100]
2025-10-14 15:19:05.767 [Thread-2] INFO  c.a.c.r.MelodicSequenceDataHelper - tilt:
2025-10-14 15:19:05.767 [Thread-2] INFO  c.a.c.r.MelodicSequenceDataHelper - mutes:
2025-10-14 15:19:05.768 [Thread-2] INFO  c.a.c.r.MelodicSequenceDataHelper - {"id":3,"playerId":21,"name":"New Pattern","createdAt":1757396282181,"updatedAt":1757396282181,"swing":50,"swingEnabled":false,"patternLength":16,"looping":true,"direction":"FORWARD","shuffleAmount":0,"quantizeEnabled":true,"rootNote":0,"scale":"Major","octaveShift":0,"timingDivision":"NORMAL","sequencerId":2,"followNoteSequencerId":-1,"followTiltSequencerId":-1,"soundbankName":null,"bankIndex":0,"preset":20,"deviceName":"Gervill","instrumentId":22,"instrumentName":"Default Melo 3","activeSteps":[false,false,false,false,false,false,false,false,false,false,false,false,false,false,false,false],"noteValues":[60,60,60,60,60,60,60,60,60,60,60,60,60,60,60,60],"velocityValues":[100,100,100,100,100,100,100,100,100,100,100,100,100,100,100,100],"gateValues":[75,75,75,75,75,75,75,75,75,75,75,75,75,75,75,75],"probabilityValues":[100,100,100,100,100,100,100,100,100,100,100,100,100,100,100,100],"nudgeValues":[0,0,0,0,0,0,0,0,0,0,0,0,0,0,0,0],"tiltValues":[0,0,0,0,0,0,0,0,0,0,0,0,0,0,0,0],"muteValues":[0,0,0,0,0,0,0,0,0,0,0,0,0,0,0,0],"muteBarsValues":[1,1,1,1,1,1,1,1,1,1,1,1,1,1,1,1],"mutesBarCountValues":[0,0,0,0,0,0,0,0,0,0,0,0,0,0,0,0],"swingPercentage":50,"muteValuesRaw":[0,0,0,0,0,0,0,0,0,0,0,0,0,0,0,0],"maxSteps":16,"harmonicTiltValues":[0,0,0,0,0,0,0,0,0,0,0,0,0,0,0,0],"harmonicTiltValuesRaw":[0,0,0,0,0,0,0,0,0,0,0,0,0,0,0,0],"rootNoteAsString":"C"}
2025-10-14 15:19:05.769 [Thread-2] INFO  c.a.c.r.MelodicSequenceDataHelper - [60,60,60,60,60,60,60,60,60,60,60,60,60,60,60,60]
2025-10-14 15:19:05.769 [Thread-2] INFO  c.a.c.r.MelodicSequenceDataHelper - [75,75,75,75,75,75,75,75,75,75,75,75,75,75,75,75]
2025-10-14 15:19:05.769 [Thread-2] INFO  c.a.c.s.MelodicSequencerManager - Successfully loaded 2 melodic sequences for sequencer ID 2
2025-10-14 15:19:05.773 [Thread-2] INFO  c.a.c.r.MelodicSequenceDataHelper - Found 2 melodic sequences for sequencer 3
2025-10-14 15:19:05.773 [Thread-2] INFO  c.a.c.s.MelodicSequencerManager - Loading 2 melodic sequences for sequencer ID 3
2025-10-14 15:19:05.774 [Thread-2] INFO  c.a.c.r.MelodicSequenceDataHelper - null
2025-10-14 15:19:05.776 [Thread-2] INFO  c.a.c.r.MelodicSequenceDataHelper - [60,61,62,63,64,65,66,67,68,69,70,71,60,61,62,63]
2025-10-14 15:19:05.776 [Thread-2] INFO  c.a.c.r.MelodicSequenceDataHelper - [50,50,50,50,50,50,50,50,50,50,50,50,50,50,50,50]
2025-10-14 15:19:05.778 [Thread-2] INFO  c.a.c.r.MelodicSequenceDataHelper - {"id":4,"playerId":23,"name":"New Pattern","createdAt":1757396282312,"updatedAt":1757396282312,"swing":50,"swingEnabled":false,"patternLength":16,"looping":true,"direction":"FORWARD","shuffleAmount":0,"quantizeEnabled":true,"rootNote":0,"scale":"Major","octaveShift":0,"timingDivision":"NORMAL","sequencerId":3,"followNoteSequencerId":-1,"followTiltSequencerId":-1,"soundbankName":null,"bankIndex":0,"preset":30,"deviceName":"Gervill","instrumentId":24,"instrumentName":"Default Melo 4","activeSteps":[false,false,false,false,false,false,false,false,false,false,false,false,false,false,false,false],"noteValues":[60,60,60,60,60,60,60,60,60,60,60,60,60,60,60,60],"velocityValues":[100,100,100,100,100,100,100,100,100,100,100,100,100,100,100,100],"gateValues":[75,75,75,75,75,75,75,75,75,75,75,75,75,75,75,75],"probabilityValues":[100,100,100,100,100,100,100,100,100,100,100,100,100,100,100,100],"nudgeValues":[0,0,0,0,0,0,0,0,0,0,0,0,0,0,0,0],"tiltValues":[0,0,0,0,0,0,0,0,0,0,0,0,0,0,0,0],"muteValues":[0,0,0,0,0,0,0,0,0,0,0,0,0,0,0,0],"muteBarsValues":[1,1,1,1,1,1,1,1,1,1,1,1,1,1,1,1],"mutesBarCountValues":[0,0,0,0,0,0,0,0,0,0,0,0,0,0,0,0],"swingPercentage":50,"muteValuesRaw":[0,0,0,0,0,0,0,0,0,0,0,0,0,0,0,0],"maxSteps":16,"harmonicTiltValues":[0,0,0,0,0,0,0,0,0,0,0,0,0,0,0,0],"harmonicTiltValuesRaw":[0,0,0,0,0,0,0,0,0,0,0,0,0,0,0,0],"rootNoteAsString":"C"}
2025-10-14 15:19:05.778 [Thread-2] INFO  c.a.c.r.MelodicSequenceDataHelper - [60,60,60,60,60,60,60,60,60,60,60,60,60,60,60,60]
2025-10-14 15:19:05.778 [Thread-2] INFO  c.a.c.r.MelodicSequenceDataHelper - [75,75,75,75,75,75,75,75,75,75,75,75,75,75,75,75]
2025-10-14 15:19:05.778 [Thread-2] INFO  c.a.c.s.MelodicSequencerManager - Successfully loaded 2 melodic sequences for sequencer ID 3
2025-10-14 15:19:05.783 [Thread-2] INFO  c.a.c.r.MelodicSequenceDataHelper - null
2025-10-14 15:19:05.785 [Thread-2] INFO  c.a.c.r.MelodicSequenceDataHelper - [60,61,62,63,64,65,66,67,68,69,70,71,60,61,62,63]
2025-10-14 15:19:05.785 [Thread-2] INFO  c.a.c.r.MelodicSequenceDataHelper - [50,50,50,50,50,50,50,50,50,50,50,50,50,50,50,50]
2025-10-14 15:19:05.786 [Thread-2] INFO  c.a.c.r.MelodicSequenceDataHelper - {"id":5,"playerId":25,"name":"New Pattern","createdAt":1757396282425,"updatedAt":1757396282425,"swing":50,"swingEnabled":false,"patternLength":16,"looping":true,"direction":"FORWARD","shuffleAmount":0,"quantizeEnabled":true,"rootNote":0,"scale":"Major","octaveShift":0,"timingDivision":"NORMAL","sequencerId":4,"followNoteSequencerId":-1,"followTiltSequencerId":-1,"soundbankName":null,"bankIndex":0,"preset":40,"deviceName":"Gervill","instrumentId":26,"instrumentName":"Default Melo 5","activeSteps":[false,false,false,false,false,false,false,false,false,false,false,false,false,false,false,false],"noteValues":[60,60,60,60,60,60,60,60,60,60,60,60,60,60,60,60],"velocityValues":[100,100,100,100,100,100,100,100,100,100,100,100,100,100,100,100],"gateValues":[75,75,75,75,75,75,75,75,75,75,75,75,75,75,75,75],"probabilityValues":[100,100,100,100,100,100,100,100,100,100,100,100,100,100,100,100],"nudgeValues":[0,0,0,0,0,0,0,0,0,0,0,0,0,0,0,0],"tiltValues":[0,0,0,0,0,0,0,0,0,0,0,0,0,0,0,0],"muteValues":[0,0,0,0,0,0,0,0,0,0,0,0,0,0,0,0],"muteBarsValues":[1,1,1,1,1,1,1,1,1,1,1,1,1,1,1,1],"mutesBarCountValues":[0,0,0,0,0,0,0,0,0,0,0,0,0,0,0,0],"swingPercentage":50,"muteValuesRaw":[0,0,0,0,0,0,0,0,0,0,0,0,0,0,0,0],"maxSteps":16,"harmonicTiltValues":[0,0,0,0,0,0,0,0,0,0,0,0,0,0,0,0],"harmonicTiltValuesRaw":[0,0,0,0,0,0,0,0,0,0,0,0,0,0,0,0],"rootNoteAsString":"C"}
2025-10-14 15:19:05.791 [Thread-2] INFO  c.a.c.r.MelodicSequenceDataHelper - null
2025-10-14 15:19:05.794 [Thread-2] INFO  c.a.c.r.MelodicSequenceDataHelper - {"id":6,"playerId":27,"name":"New Pattern","createdAt":1757396282541,"updatedAt":1757396282541,"swing":50,"swingEnabled":false,"patternLength":16,"looping":true,"direction":"FORWARD","shuffleAmount":0,"quantizeEnabled":true,"rootNote":0,"scale":"Major","octaveShift":0,"timingDivision":"NORMAL","sequencerId":5,"followNoteSequencerId":-1,"followTiltSequencerId":-1,"soundbankName":null,"bankIndex":0,"preset":50,"deviceName":"Gervill","instrumentId":28,"instrumentName":"Default Melo 6","activeSteps":[false,false,false,false,false,false,false,false,false,false,false,false,false,false,false,false],"noteValues":[60,60,60,60,60,60,60,60,60,60,60,60,60,60,60,60],"velocityValues":[100,100,100,100,100,100,100,100,100,100,100,100,100,100,100,100],"gateValues":[75,75,75,75,75,75,75,75,75,75,75,75,75,75,75,75],"probabilityValues":[100,100,100,100,100,100,100,100,100,100,100,100,100,100,100,100],"nudgeValues":[0,0,0,0,0,0,0,0,0,0,0,0,0,0,0,0],"tiltValues":[0,0,0,0,0,0,0,0,0,0,0,0,0,0,0,0],"muteValues":[0,0,0,0,0,0,0,0,0,0,0,0,0,0,0,0],"muteBarsValues":[1,1,1,1,1,1,1,1,1,1,1,1,1,1,1,1],"mutesBarCountValues":[0,0,0,0,0,0,0,0,0,0,0,0,0,0,0,0],"swingPercentage":50,"muteValuesRaw":[0,0,0,0,0,0,0,0,0,0,0,0,0,0,0,0],"maxSteps":16,"harmonicTiltValues":[0,0,0,0,0,0,0,0,0,0,0,0,0,0,0,0],"harmonicTiltValuesRaw":[0,0,0,0,0,0,0,0,0,0,0,0,0,0,0,0],"rootNoteAsString":"C"}
2025-10-14 15:19:05.799 [Thread-2] INFO  c.a.c.r.MelodicSequenceDataHelper - null
2025-10-14 15:19:05.803 [Thread-2] INFO  c.a.c.r.MelodicSequenceDataHelper - {"id":7,"playerId":29,"name":"New Pattern","createdAt":1757396282631,"updatedAt":1757396282631,"swing":50,"swingEnabled":false,"patternLength":16,"looping":true,"direction":"FORWARD","shuffleAmount":0,"quantizeEnabled":true,"rootNote":0,"scale":"Major","octaveShift":0,"timingDivision":"NORMAL","sequencerId":6,"followNoteSequencerId":-1,"followTiltSequencerId":-1,"soundbankName":null,"bankIndex":0,"preset":60,"deviceName":"Gervill","instrumentId":30,"instrumentName":"Default Melo 7","activeSteps":[false,false,false,false,false,false,false,false,false,false,false,false,false,false,false,false],"noteValues":[60,60,60,60,60,60,60,60,60,60,60,60,60,60,60,60],"velocityValues":[100,100,100,100,100,100,100,100,100,100,100,100,100,100,100,100],"gateValues":[75,75,75,75,75,75,75,75,75,75,75,75,75,75,75,75],"probabilityValues":[100,100,100,100,100,100,100,100,100,100,100,100,100,100,100,100],"nudgeValues":[0,0,0,0,0,0,0,0,0,0,0,0,0,0,0,0],"tiltValues":[0,0,0,0,0,0,0,0,0,0,0,0,0,0,0,0],"muteValues":[0,0,0,0,0,0,0,0,0,0,0,0,0,0,0,0],"muteBarsValues":[1,1,1,1,1,1,1,1,1,1,1,1,1,1,1,1],"mutesBarCountValues":[0,0,0,0,0,0,0,0,0,0,0,0,0,0,0,0],"swingPercentage":50,"muteValuesRaw":[0,0,0,0,0,0,0,0,0,0,0,0,0,0,0,0],"maxSteps":16,"harmonicTiltValues":[0,0,0,0,0,0,0,0,0,0,0,0,0,0,0,0],"harmonicTiltValuesRaw":[0,0,0,0,0,0,0,0,0,0,0,0,0,0,0,0],"rootNoteAsString":"C"}
2025-10-14 15:19:05.807 [Thread-2] INFO  c.a.c.r.MelodicSequenceDataHelper - null
2025-10-14 15:19:05.810 [Thread-2] INFO  c.a.c.r.MelodicSequenceDataHelper - {"id":8,"playerId":31,"name":"New Pattern","createdAt":1757396282765,"updatedAt":1757396282765,"swing":50,"swingEnabled":false,"patternLength":16,"looping":true,"direction":"FORWARD","shuffleAmount":0,"quantizeEnabled":true,"rootNote":0,"scale":"Major","octaveShift":0,"timingDivision":"NORMAL","sequencerId":7,"followNoteSequencerId":-1,"followTiltSequencerId":-1,"soundbankName":null,"bankIndex":0,"preset":70,"deviceName":"Gervill","instrumentId":32,"instrumentName":"Default Melo 8","activeSteps":[false,false,false,false,false,false,false,false,false,false,false,false,false,false,false,false],"noteValues":[60,60,60,60,60,60,60,60,60,60,60,60,60,60,60,60],"velocityValues":[100,100,100,100,100,100,100,100,100,100,100,100,100,100,100,100],"gateValues":[75,75,75,75,75,75,75,75,75,75,75,75,75,75,75,75],"probabilityValues":[100,100,100,100,100,100,100,100,100,100,100,100,100,100,100,100],"nudgeValues":[0,0,0,0,0,0,0,0,0,0,0,0,0,0,0,0],"tiltValues":[0,0,0,0,0,0,0,0,0,0,0,0,0,0,0,0],"muteValues":[0,0,0,0,0,0,0,0,0,0,0,0,0,0,0,0],"muteBarsValues":[1,1,1,1,1,1,1,1,1,1,1,1,1,1,1,1],"mutesBarCountValues":[0,0,0,0,0,0,0,0,0,0,0,0,0,0,0,0],"swingPercentage":50,"muteValuesRaw":[0,0,0,0,0,0,0,0,0,0,0,0,0,0,0,0],"maxSteps":16,"harmonicTiltValues":[0,0,0,0,0,0,0,0,0,0,0,0,0,0,0,0],"harmonicTiltValuesRaw":[0,0,0,0,0,0,0,0,0,0,0,0,0,0,0,0],"rootNoteAsString":"C"}
2025-10-14 15:19:05.813 [Thread-2] INFO  c.a.c.s.MelodicSequencerManager - Updated tempo settings on 0 melodic sequencers: 120.0 BPM, 24 ticks per beat
2025-10-14 15:19:06.108 [Thread-2] INFO  com.angrysurfer.beats.App - Session manager initialized
2025-10-14 15:19:06.109 [AWT-EventQueue-0] INFO  com.angrysurfer.beats.SplashScreen - Splash screen status: Initialized session manager
2025-10-14 15:19:06.112 [Thread-2] INFO  c.a.core.service.PlayerManager - PlayerManager registered for specific events
2025-10-14 15:19:06.112 [Thread-2] INFO  c.a.core.service.PlayerManager - Ensuring channel consistency across all players
2025-10-14 15:19:06.114 [Thread-2] INFO  c.a.core.service.ChannelManager - ChannelManager initialized, channel 9 reserved for drums
2025-10-14 15:19:06.114 [Thread-2] INFO  c.a.core.service.PlayerManager - Channel consistency check completed
2025-10-14 15:19:06.114 [Thread-2] INFO  com.angrysurfer.beats.App - System initialization complete
2025-10-14 15:19:06.115 [AWT-EventQueue-0] INFO  com.angrysurfer.beats.App - Loading frame state for Look and Feel
2025-10-14 15:19:06.132 [AWT-EventQueue-0] INFO  c.a.core.redis.RedisService - Loaded frame state with column order: 
2025-10-14 15:19:06.132 [AWT-EventQueue-0] INFO  com.angrysurfer.beats.App - Frame state loaded: com.formdev.flatlaf.FlatDarculaLaf
2025-10-14 15:19:06.295 [AWT-EventQueue-0] INFO  com.angrysurfer.beats.App - Set Look and Feel to: com.formdev.flatlaf.FlatDarculaLaf
2025-10-14 15:19:07.111 [AWT-EventQueue-0] INFO  c.a.core.service.SoundbankManager - Initializing soundbanks...
2025-10-14 15:19:07.113 [AWT-EventQueue-0] INFO  c.a.core.service.SoundbankManager - Added default soundbank with 235 instruments
2025-10-14 15:19:07.823 [AWT-EventQueue-0] INFO  c.a.core.service.SoundbankManager - Loaded soundbank from file: ChateauGrand-Plus-Instruments-bs16i-v4.sf2 with 77 instruments
2025-10-14 15:19:08.008 [AWT-EventQueue-0] INFO  c.a.core.service.SoundbankManager - Loaded soundbank from file: Mario_and_Luigi_Partners_in_Time-_Soundfont.sf2 with 215 instruments
2025-10-14 15:19:08.016 [AWT-EventQueue-0] INFO  c.a.core.service.SoundbankManager - Loaded soundbank from file: Syndrum.sf2 with 1 instruments
2025-10-14 15:19:08.063 [AWT-EventQueue-0] INFO  c.a.core.service.SoundbankManager - Loaded soundbank from file: SynthModule.sf2 with 77 instruments
2025-10-14 15:19:08.175 [AWT-EventQueue-0] INFO  c.a.core.service.SoundbankManager - Soundbank initialization complete. Total soundbanks: 7
2025-10-14 15:19:08.182 [AWT-EventQueue-0] INFO  c.a.b.p.i.InternalSynthControlPanel - Retrieved 128 preset names for bank 0
2025-10-14 15:19:08.188 [AWT-EventQueue-0] INFO  c.a.b.p.i.InternalSynthControlPanel - Sent program change: channel=15, bank=0, program=0
2025-10-14 15:19:08.188 [AWT-EventQueue-0] ERROR c.a.b.p.i.InternalSynthControlPanel - Error changing program: Cannot read the array length because "<local1>" is null
2025-10-14 15:19:08.495 [AWT-EventQueue-0] INFO  c.a.core.sequencer.DrumSequencer - Creating drum players with active connections
2025-10-14 15:19:08.497 [AWT-EventQueue-0] INFO  c.a.core.sequencer.DrumSequencer - Using existing player for drum pad 0: 450
2025-10-14 15:19:08.498 [AWT-EventQueue-0] INFO  c.a.core.sequencer.DrumSequencer - Using existing player for drum pad 1: 451
2025-10-14 15:19:08.498 [AWT-EventQueue-0] INFO  c.a.core.sequencer.DrumSequencer - Using existing player for drum pad 2: 452
2025-10-14 15:19:08.499 [AWT-EventQueue-0] INFO  c.a.core.sequencer.DrumSequencer - Using existing player for drum pad 3: 453
2025-10-14 15:19:08.850 [AWT-EventQueue-0] INFO  c.a.core.redis.SessionHelper - Saved session 1 with 400 players
2025-10-14 15:19:08.852 [AWT-EventQueue-0] INFO  c.a.c.redis.DrumSequenceDataHelper - No drum sequences found in Redis
2025-10-14 15:19:08.852 [AWT-EventQueue-0] INFO  c.a.core.sequencer.DrumSequencer - No saved drum sequences found, using empty pattern
2025-10-14 15:19:08.852 [AWT-EventQueue-0] INFO  c.a.c.service.DrumSequencerManager - Created new drum sequencer with note event and step update listeners (index: 0)
2025-10-14 15:19:08.859 [AWT-EventQueue-0] INFO  c.a.c.redis.DrumSequenceDataHelper - No drum sequences found in Redis
2025-10-14 15:19:08.860 [AWT-EventQueue-0] INFO  c.a.c.redis.DrumSequenceDataHelper - No drum sequences found in Redis
2025-10-14 15:19:09.082 [AWT-EventQueue-0] INFO  c.a.b.p.s.p.DrumParamsSequencerPanel - DrumSequencerPanel registered as listener
2025-10-14 15:19:09.100 [AWT-EventQueue-0] INFO  c.a.c.redis.DrumSequenceDataHelper - No drum sequences found in Redis
2025-10-14 15:19:09.112 [AWT-EventQueue-0] INFO  c.a.c.service.DrumSequencerManager - Repairing MIDI connections for drum sequencer
2025-10-14 15:19:09.112 [AWT-EventQueue-0] INFO  c.a.core.model.InstrumentWrapper - Cleaning up instrument: Gervill Drums
2025-10-14 15:19:09.115 [AWT-EventQueue-0] INFO  c.a.core.model.InstrumentWrapper - Device Gervill Drums initialized with receiver
2025-10-14 15:19:09.115 [AWT-EventQueue-0] INFO  c.a.c.service.DrumSequencerManager - Successfully reconnected drum 0 to device Gervill
2025-10-14 15:19:09.115 [AWT-EventQueue-0] INFO  c.a.core.model.InstrumentWrapper - Cleaning up instrument: Gervill Drums
2025-10-14 15:19:09.264 [AWT-EventQueue-0] INFO  c.a.core.model.InstrumentWrapper - Device Gervill Drums initialized with receiver
2025-10-14 15:19:09.264 [AWT-EventQueue-0] INFO  c.a.c.service.DrumSequencerManager - Successfully reconnected drum 1 to device Gervill
2025-10-14 15:19:09.264 [AWT-EventQueue-0] INFO  c.a.core.model.InstrumentWrapper - Cleaning up instrument: Gervill Drums
2025-10-14 15:19:09.395 [AWT-EventQueue-0] INFO  c.a.core.model.InstrumentWrapper - Device Gervill Drums initialized with receiver
2025-10-14 15:19:09.395 [AWT-EventQueue-0] INFO  c.a.c.service.DrumSequencerManager - Successfully reconnected drum 2 to device Gervill
2025-10-14 15:19:09.395 [AWT-EventQueue-0] INFO  c.a.core.model.InstrumentWrapper - Cleaning up instrument: Gervill Drums
2025-10-14 15:19:09.508 [AWT-EventQueue-0] INFO  c.a.core.model.InstrumentWrapper - Device Gervill Drums initialized with receiver
2025-10-14 15:19:09.508 [AWT-EventQueue-0] INFO  c.a.c.service.DrumSequencerManager - Successfully reconnected drum 3 to device Gervill
2025-10-14 15:19:10.529 [AWT-EventQueue-0] INFO  c.a.core.service.PlayerManager - Applying preset for Strike 01 on channel 9: bank=null, program=1, device=Gervill, isInternal=true, deviceOpen=true
2025-10-14 15:19:10.529 [AWT-EventQueue-0] INFO  c.a.c.service.InternalSynthManager - InternalSynthManager updating: channel=9, bank=0, program=1
2025-10-14 15:19:10.529 [AWT-EventQueue-0] INFO  c.a.c.service.InternalSynthManager - Applied preset via synth receiver: ch=9, bank=0, program=1
2025-10-14 15:19:10.529 [AWT-EventQueue-0] INFO  c.a.core.service.PlayerManager - Directly applied program change to synth channel 9: bank=0, program=1
2025-10-14 15:19:10.529 [AWT-EventQueue-0] INFO  c.a.core.service.PlayerManager - Applying preset for Strike 11 on channel 9: bank=null, program=1, device=Gervill, isInternal=true, deviceOpen=true
2025-10-14 15:19:10.529 [AWT-EventQueue-0] INFO  c.a.c.service.InternalSynthManager - InternalSynthManager updating: channel=9, bank=0, program=1
2025-10-14 15:19:10.529 [AWT-EventQueue-0] INFO  c.a.c.service.InternalSynthManager - Applied preset via synth receiver: ch=9, bank=0, program=1
2025-10-14 15:19:10.529 [AWT-EventQueue-0] INFO  c.a.core.service.PlayerManager - Directly applied program change to synth channel 9: bank=0, program=1
2025-10-14 15:19:10.529 [AWT-EventQueue-0] INFO  c.a.core.service.PlayerManager - Applying preset for Strike 21 on channel 9: bank=null, program=1, device=Gervill, isInternal=true, deviceOpen=true
2025-10-14 15:19:10.529 [AWT-EventQueue-0] INFO  c.a.c.service.InternalSynthManager - InternalSynthManager updating: channel=9, bank=0, program=1
2025-10-14 15:19:10.529 [AWT-EventQueue-0] INFO  c.a.c.service.InternalSynthManager - Applied preset via synth receiver: ch=9, bank=0, program=1
2025-10-14 15:19:10.529 [AWT-EventQueue-0] INFO  c.a.core.service.PlayerManager - Directly applied program change to synth channel 9: bank=0, program=1
2025-10-14 15:19:10.529 [AWT-EventQueue-0] INFO  c.a.core.service.PlayerManager - Applying preset for Strike 31 on channel 9: bank=null, program=1, device=Gervill, isInternal=true, deviceOpen=true
2025-10-14 15:19:10.529 [AWT-EventQueue-0] INFO  c.a.c.service.InternalSynthManager - InternalSynthManager updating: channel=9, bank=0, program=1
2025-10-14 15:19:10.529 [AWT-EventQueue-0] INFO  c.a.c.service.InternalSynthManager - Applied preset via synth receiver: ch=9, bank=0, program=1
2025-10-14 15:19:10.529 [AWT-EventQueue-0] INFO  c.a.core.service.PlayerManager - Directly applied program change to synth channel 9: bank=0, program=1
2025-10-14 15:19:10.564 [AWT-EventQueue-0] INFO  c.a.c.service.DrumSequencerManager - Repairing MIDI connections for drum sequencer
2025-10-14 15:19:11.779 [AWT-EventQueue-0] INFO  c.a.c.service.DrumSequencerManager - Repairing MIDI connections for drum sequencer
2025-10-14 15:19:12.793 [AWT-EventQueue-0] INFO  c.a.c.service.DrumSequencerManager - Repairing MIDI connections for drum sequencer
2025-10-14 15:19:13.810 [AWT-EventQueue-0] INFO  c.a.core.sequencer.MelodicSequencer - Using existing player 466 for sequencer 0
2025-10-14 15:19:14.064 [AWT-EventQueue-0] INFO  c.a.core.redis.SessionHelper - Saved session 1 with 401 players
2025-10-14 15:19:14.064 [AWT-EventQueue-0] INFO  c.a.core.sequencer.MelodicSequencer - Added new player to session 1: 466
2025-10-14 15:19:14.064 [AWT-EventQueue-0] WARN  c.a.c.s.MelodicSequencerManager - Cannot apply sequence - sequencer with ID 0 not found
2025-10-14 15:19:14.065 [AWT-EventQueue-0] INFO  c.a.core.sequencer.MelodicSequencer - Quantizer updated with root note 0 and scale Major
2025-10-14 15:19:14.065 [AWT-EventQueue-0] INFO  c.a.core.sequencer.MelodicSequencer - MelodicSequencer 0 initialized and registered with CommandBus
2025-10-14 15:19:14.065 [AWT-EventQueue-0] INFO  c.a.core.sequencer.MelodicSequencer - Quantizer updated with root note 0 and scale Major
2025-10-14 15:19:14.065 [AWT-EventQueue-0] INFO  c.a.c.s.MelodicSequencerManager - Created new melodic sequencer with ID 0 on channel 2
2025-10-14 15:19:14.067 [AWT-EventQueue-0] INFO  c.a.core.model.InstrumentWrapper - Set bank index to: 0 (MSB: 0, LSB: 0)
2025-10-14 15:19:14.118 [AWT-EventQueue-0] INFO  c.a.b.p.s.m.MelodicSequencerGridPanel - Updating note dials display - following: None
2025-10-14 15:19:14.119 [AWT-EventQueue-0] INFO  c.a.b.p.s.m.MelodicSequencerGridPanel - Force syncing grid panel with sequencer - activeSteps:16 steps
2025-10-14 15:19:14.143 [AWT-EventQueue-0] INFO  c.a.c.r.MelodicSequenceDataHelper - {"id":1,"playerId":17,"name":"New Pattern","createdAt":1757396281737,"updatedAt":1757396281737,"swing":50,"swingEnabled":false,"patternLength":16,"looping":true,"direction":"FORWARD","shuffleAmount":0,"quantizeEnabled":true,"rootNote":0,"scale":"Major","octaveShift":0,"timingDivision":"NORMAL","sequencerId":0,"followNoteSequencerId":-1,"followTiltSequencerId":-1,"soundbankName":null,"bankIndex":0,"preset":0,"deviceName":"Gervill","instrumentId":18,"instrumentName":"Default Melo 1","activeSteps":[false,false,false,false,false,false,false,false,false,false,false,false,false,false,false,false],"noteValues":[60,60,60,60,60,60,60,60,60,60,60,60,60,60,60,60],"velocityValues":[100,100,100,100,100,100,100,100,100,100,100,100,100,100,100,100],"gateValues":[75,75,75,75,75,75,75,75,75,75,75,75,75,75,75,75],"probabilityValues":[100,100,100,100,100,100,100,100,100,100,100,100,100,100,100,100],"nudgeValues":[0,0,0,0,0,0,0,0,0,0,0,0,0,0,0,0],"tiltValues":[0,0,0,0,0,0,0,0,0,0,0,0,0,0,0,0],"muteValues":[0,0,0,0,0,0,0,0,0,0,0,0,0,0,0,0],"muteBarsValues":[1,1,1,1,1,1,1,1,1,1,1,1,1,1,1,1],"mutesBarCountValues":[0,0,0,0,0,0,0,0,0,0,0,0,0,0,0,0],"swingPercentage":50,"muteValuesRaw":[0,0,0,0,0,0,0,0,0,0,0,0,0,0,0,0],"maxSteps":16,"harmonicTiltValues":[0,0,0,0,0,0,0,0,0,0,0,0,0,0,0,0],"harmonicTiltValuesRaw":[0,0,0,0,0,0,0,0,0,0,0,0,0,0,0,0],"rootNoteAsString":"C"}
2025-10-14 15:19:14.144 [AWT-EventQueue-0] INFO  c.a.core.sequencer.MelodicSequencer - Quantizer updated with root note 0 and scale Major
2025-10-14 15:19:14.144 [AWT-EventQueue-0] INFO  c.a.c.r.MelodicSequenceDataHelper - Mute values after applying: [0, 0, 0, 0, 0, 0, 0, 0, 0, 0, 0, 0, 0, 0, 0, 0]
2025-10-14 15:19:14.144 [AWT-EventQueue-0] INFO  c.a.core.model.InstrumentWrapper - Set bank index to: 0 (MSB: 0, LSB: 0)
2025-10-14 15:19:14.206 [AWT-EventQueue-0] INFO  c.a.core.model.InstrumentWrapper - Set bank index to: 0 (MSB: 0, LSB: 0)
2025-10-14 15:19:14.211 [AWT-EventQueue-0] INFO  c.a.core.sequencer.MelodicSequencer - Using existing player 468 for sequencer 1
2025-10-14 15:19:14.446 [AWT-EventQueue-0] INFO  c.a.core.redis.SessionHelper - Saved session 1 with 402 players
2025-10-14 15:19:14.446 [AWT-EventQueue-0] INFO  c.a.core.sequencer.MelodicSequencer - Added new player to session 1: 468
2025-10-14 15:19:14.446 [AWT-EventQueue-0] WARN  c.a.c.s.MelodicSequencerManager - Cannot apply sequence - sequencer with ID 1 not found
2025-10-14 15:19:14.446 [AWT-EventQueue-0] INFO  c.a.core.sequencer.MelodicSequencer - Quantizer updated with root note 0 and scale Major
2025-10-14 15:19:14.446 [AWT-EventQueue-0] INFO  c.a.core.sequencer.MelodicSequencer - MelodicSequencer 1 initialized and registered with CommandBus
2025-10-14 15:19:14.446 [AWT-EventQueue-0] INFO  c.a.c.s.MelodicSequencerManager - Created new melodic sequencer with ID 1 on channel 3
2025-10-14 15:19:14.446 [AWT-EventQueue-0] INFO  c.a.core.model.InstrumentWrapper - Set bank index to: 0 (MSB: 0, LSB: 0)
2025-10-14 15:19:14.477 [AWT-EventQueue-0] INFO  c.a.b.p.s.m.MelodicSequencerGridPanel - Updating note dials display - following: None
2025-10-14 15:19:14.478 [AWT-EventQueue-0] INFO  c.a.b.p.s.m.MelodicSequencerGridPanel - Force syncing grid panel with sequencer - activeSteps:16 steps
2025-10-14 15:19:14.493 [AWT-EventQueue-0] INFO  c.a.c.r.MelodicSequenceDataHelper - null
2025-10-14 15:19:14.495 [AWT-EventQueue-0] INFO  c.a.c.r.MelodicSequenceDataHelper - Mute values after applying: [0, 0, 0, 0, 0, 0, 0, 0, 0, 0, 0, 0, 0, 0, 0, 0]
2025-10-14 15:19:14.499 [AWT-EventQueue-0] INFO  c.a.b.p.s.m.MelodicSequencerGridPanel - Updating note dials display - following: None
2025-10-14 15:19:14.500 [AWT-EventQueue-0] INFO  c.a.b.p.s.m.MelodicSequencerGridPanel - Force syncing grid panel with sequencer - activeSteps:16 steps
2025-10-14 15:19:14.500 [AWT-EventQueue-0] INFO  c.a.b.p.s.m.MelodicSequencerGridPanel - Updating note dials display - following: None
2025-10-14 15:19:14.501 [AWT-EventQueue-0] INFO  c.a.b.p.sequencer.TiltSequencerPanel - Received 16 tilt values from sequencer: [0, 0, 0, 0, 0, 0, 0, 0, 0, 0, 0, 0, 0, 0, 0, 0]
2025-10-14 15:19:14.503 [AWT-EventQueue-0] INFO  c.a.core.sequencer.MelodicSequencer - Using existing player 470 for sequencer 2
2025-10-14 15:19:14.731 [AWT-EventQueue-0] INFO  c.a.core.redis.SessionHelper - Saved session 1 with 403 players
2025-10-14 15:19:14.731 [AWT-EventQueue-0] INFO  c.a.core.sequencer.MelodicSequencer - Added new player to session 1: 470
2025-10-14 15:19:14.731 [AWT-EventQueue-0] WARN  c.a.c.s.MelodicSequencerManager - Cannot apply sequence - sequencer with ID 2 not found
2025-10-14 15:19:14.733 [AWT-EventQueue-0] INFO  c.a.core.sequencer.MelodicSequencer - MelodicSequencer 2 initialized and registered with CommandBus
2025-10-14 15:19:14.733 [AWT-EventQueue-0] INFO  c.a.c.s.MelodicSequencerManager - Created new melodic sequencer with ID 2 on channel 4
2025-10-14 15:19:14.761 [AWT-EventQueue-0] INFO  c.a.b.p.s.m.MelodicSequencerGridPanel - Force syncing grid panel with sequencer - activeSteps:16 steps
2025-10-14 15:19:14.773 [AWT-EventQueue-0] INFO  c.a.c.r.MelodicSequenceDataHelper - null
2025-10-14 15:19:14.774 [AWT-EventQueue-0] INFO  c.a.c.r.MelodicSequenceDataHelper - Mute values after applying: [0, 0, 0, 0, 0, 0, 0, 0, 0, 0, 0, 0, 0, 0, 0, 0]
2025-10-14 15:19:14.777 [AWT-EventQueue-0] INFO  c.a.b.p.sequencer.TiltSequencerPanel - Received 16 tilt values from sequencer: [0, 0, 0, 0, 0, 0, 0, 0, 0, 0, 0, 0, 0, 0, 0, 0]
2025-10-14 15:19:14.780 [AWT-EventQueue-0] INFO  c.a.b.p.sequencer.TiltSequencerPanel - Received 16 tilt values from sequencer: [0, 0, 0, 0, 0, 0, 0, 0, 0, 0, 0, 0, 0, 0, 0, 0]
2025-10-14 15:19:14.781 [AWT-EventQueue-0] INFO  c.a.core.sequencer.MelodicSequencer - Using existing player 472 for sequencer 3
2025-10-14 15:19:15.065 [AWT-EventQueue-0] INFO  c.a.core.redis.SessionHelper - Saved session 1 with 404 players
2025-10-14 15:19:15.065 [AWT-EventQueue-0] INFO  c.a.core.sequencer.MelodicSequencer - Added new player to session 1: 472
2025-10-14 15:19:15.066 [AWT-EventQueue-0] WARN  c.a.c.s.MelodicSequencerManager - Cannot apply sequence - sequencer with ID 3 not found
2025-10-14 15:19:15.066 [AWT-EventQueue-0] INFO  c.a.core.sequencer.MelodicSequencer - MelodicSequencer 3 initialized and registered with CommandBus
2025-10-14 15:19:15.066 [AWT-EventQueue-0] INFO  c.a.c.s.MelodicSequencerManager - Created new melodic sequencer with ID 3 on channel 5
2025-10-14 15:19:15.119 [AWT-EventQueue-0] INFO  c.a.c.r.MelodicSequenceDataHelper - null
2025-10-14 15:19:15.121 [AWT-EventQueue-0] INFO  c.a.c.r.MelodicSequenceDataHelper - Mute values after applying: [0, 0, 0, 0, 0, 0, 0, 0, 0, 0, 0, 0, 0, 0, 0, 0]
2025-10-14 15:19:15.124 [AWT-EventQueue-0] INFO  c.a.b.p.sequencer.TiltSequencerPanel - Received 16 tilt values from sequencer: [0, 0, 0, 0, 0, 0, 0, 0, 0, 0, 0, 0, 0, 0, 0, 0]
2025-10-14 15:19:15.412 [AWT-EventQueue-0] INFO  c.a.core.redis.SessionHelper - Saved session 1 with 405 players
2025-10-14 15:19:15.453 [AWT-EventQueue-0] INFO  c.a.c.r.MelodicSequenceDataHelper - null
2025-10-14 15:19:15.778 [AWT-EventQueue-0] INFO  c.a.core.redis.SessionHelper - Saved session 1 with 406 players
2025-10-14 15:19:15.823 [AWT-EventQueue-0] INFO  c.a.c.r.MelodicSequenceDataHelper - null
2025-10-14 15:19:16.107 [AWT-EventQueue-0] INFO  c.a.core.redis.SessionHelper - Saved session 1 with 407 players
2025-10-14 15:19:16.149 [AWT-EventQueue-0] INFO  c.a.c.r.MelodicSequenceDataHelper - null
2025-10-14 15:19:16.419 [AWT-EventQueue-0] INFO  c.a.core.redis.SessionHelper - Saved session 1 with 408 players
2025-10-14 15:19:16.456 [AWT-EventQueue-0] INFO  c.a.c.r.MelodicSequenceDataHelper - null
2025-10-14 15:19:16.576 [AWT-EventQueue-0] INFO  c.a.beats.panel.ComplexLFOPanel - Complex LFO Panel initialized
2025-10-14 15:19:16.705 [AWT-EventQueue-0] INFO  c.a.beats.panel.player.PlayersPanel - Found active session on construction: 1
2025-10-14 15:19:16.705 [AWT-EventQueue-0] INFO  c.a.beats.panel.player.PlayersPanel - Setting controls enabled: true
2025-10-14 15:19:16.705 [AWT-EventQueue-0] INFO  c.a.beats.panel.player.PlayersPanel - Refreshing players table with 408 players
2025-10-14 15:19:16.707 [AWT-EventQueue-0] INFO  c.a.beats.panel.player.PlayersPanel - Adding new player to table: Note (ID: 49)
2025-10-14 15:19:16.707 [AWT-EventQueue-0] INFO  c.a.beats.panel.player.PlayersPanel - Adding new player to table: Note (ID: 50)
2025-10-14 15:19:16.707 [AWT-EventQueue-0] INFO  c.a.beats.panel.player.PlayersPanel - Adding new player to table: Note (ID: 51)
2025-10-14 15:19:16.709 [AWT-EventQueue-0] INFO  c.a.beats.panel.player.PlayersPanel - Adding new player to table: Note (ID: 52)
2025-10-14 15:19:16.709 [AWT-EventQueue-0] INFO  c.a.beats.panel.player.PlayersPanel - Adding new player to table: Note (ID: 53)
2025-10-14 15:19:16.709 [AWT-EventQueue-0] INFO  c.a.beats.panel.player.PlayersPanel - Adding new player to table: Note (ID: 54)
2025-10-14 15:19:16.709 [AWT-EventQueue-0] INFO  c.a.beats.panel.player.PlayersPanel - Adding new player to table: Note (ID: 55)
2025-10-14 15:19:16.709 [AWT-EventQueue-0] INFO  c.a.beats.panel.player.PlayersPanel - Adding new player to table: Note (ID: 56)
2025-10-14 15:19:16.709 [AWT-EventQueue-0] INFO  c.a.beats.panel.player.PlayersPanel - Adding new player to table: Note (ID: 73)
2025-10-14 15:19:16.709 [AWT-EventQueue-0] INFO  c.a.beats.panel.player.PlayersPanel - Adding new player to table: Note (ID: 74)
2025-10-14 15:19:16.710 [AWT-EventQueue-0] INFO  c.a.beats.panel.player.PlayersPanel - Adding new player to table: Note (ID: 75)
2025-10-14 15:19:16.710 [AWT-EventQueue-0] INFO  c.a.beats.panel.player.PlayersPanel - Adding new player to table: Note (ID: 77)
2025-10-14 15:19:16.710 [AWT-EventQueue-0] INFO  c.a.beats.panel.player.PlayersPanel - Adding new player to table: Note (ID: 78)
2025-10-14 15:19:16.710 [AWT-EventQueue-0] INFO  c.a.beats.panel.player.PlayersPanel - Adding new player to table: Note (ID: 79)
2025-10-14 15:19:16.710 [AWT-EventQueue-0] INFO  c.a.beats.panel.player.PlayersPanel - Adding new player to table: Note (ID: 80)
2025-10-14 15:19:16.710 [AWT-EventQueue-0] INFO  c.a.beats.panel.player.PlayersPanel - Adding new player to table: Note (ID: 81)
2025-10-14 15:19:16.710 [AWT-EventQueue-0] INFO  c.a.beats.panel.player.PlayersPanel - Adding new player to table: Note (ID: 98)
2025-10-14 15:19:16.710 [AWT-EventQueue-0] INFO  c.a.beats.panel.player.PlayersPanel - Adding new player to table: Note (ID: 99)
2025-10-14 15:19:16.710 [AWT-EventQueue-0] INFO  c.a.beats.panel.player.PlayersPanel - Adding new player to table: Note (ID: 100)
2025-10-14 15:19:16.710 [AWT-EventQueue-0] INFO  c.a.beats.panel.player.PlayersPanel - Adding new player to table: Note (ID: 101)
2025-10-14 15:19:16.711 [AWT-EventQueue-0] INFO  c.a.beats.panel.player.PlayersPanel - Adding new player to table: Note (ID: 102)
2025-10-14 15:19:16.711 [AWT-EventQueue-0] INFO  c.a.beats.panel.player.PlayersPanel - Adding new player to table: Note (ID: 103)
2025-10-14 15:19:16.711 [AWT-EventQueue-0] INFO  c.a.beats.panel.player.PlayersPanel - Adding new player to table: Note (ID: 104)
2025-10-14 15:19:16.711 [AWT-EventQueue-0] INFO  c.a.beats.panel.player.PlayersPanel - Adding new player to table: Note (ID: 105)
2025-10-14 15:19:16.711 [AWT-EventQueue-0] INFO  c.a.beats.panel.player.PlayersPanel - Adding new player to table: Note (ID: 122)
2025-10-14 15:19:16.711 [AWT-EventQueue-0] INFO  c.a.beats.panel.player.PlayersPanel - Adding new player to table: Note (ID: 123)
2025-10-14 15:19:16.711 [AWT-EventQueue-0] INFO  c.a.beats.panel.player.PlayersPanel - Adding new player to table: Note (ID: 124)
2025-10-14 15:19:16.711 [AWT-EventQueue-0] INFO  c.a.beats.panel.player.PlayersPanel - Adding new player to table: Note (ID: 125)
2025-10-14 15:19:16.711 [AWT-EventQueue-0] INFO  c.a.beats.panel.player.PlayersPanel - Adding new player to table: Note (ID: 126)
2025-10-14 15:19:16.711 [AWT-EventQueue-0] INFO  c.a.beats.panel.player.PlayersPanel - Adding new player to table: Note (ID: 127)
2025-10-14 15:19:16.711 [AWT-EventQueue-0] INFO  c.a.beats.panel.player.PlayersPanel - Adding new player to table: Note (ID: 128)
2025-10-14 15:19:16.711 [AWT-EventQueue-0] INFO  c.a.beats.panel.player.PlayersPanel - Adding new player to table: Note (ID: 129)
2025-10-14 15:19:16.712 [AWT-EventQueue-0] INFO  c.a.beats.panel.player.PlayersPanel - Adding new player to table: Note (ID: 146)
2025-10-14 15:19:16.712 [AWT-EventQueue-0] INFO  c.a.beats.panel.player.PlayersPanel - Adding new player to table: Note (ID: 147)
2025-10-14 15:19:16.712 [AWT-EventQueue-0] INFO  c.a.beats.panel.player.PlayersPanel - Adding new player to table: Note (ID: 148)
2025-10-14 15:19:16.712 [AWT-EventQueue-0] INFO  c.a.beats.panel.player.PlayersPanel - Adding new player to table: Note (ID: 149)
2025-10-14 15:19:16.712 [AWT-EventQueue-0] INFO  c.a.beats.panel.player.PlayersPanel - Adding new player to table: Note (ID: 150)
2025-10-14 15:19:16.712 [AWT-EventQueue-0] INFO  c.a.beats.panel.player.PlayersPanel - Adding new player to table: Note (ID: 151)
2025-10-14 15:19:16.712 [AWT-EventQueue-0] INFO  c.a.beats.panel.player.PlayersPanel - Adding new player to table: Note (ID: 152)
2025-10-14 15:19:16.712 [AWT-EventQueue-0] INFO  c.a.beats.panel.player.PlayersPanel - Adding new player to table: Note (ID: 153)
2025-10-14 15:19:16.712 [AWT-EventQueue-0] INFO  c.a.beats.panel.player.PlayersPanel - Adding new player to table: Note (ID: 170)
2025-10-14 15:19:16.712 [AWT-EventQueue-0] INFO  c.a.beats.panel.player.PlayersPanel - Adding new player to table: Note (ID: 171)
2025-10-14 15:19:16.712 [AWT-EventQueue-0] INFO  c.a.beats.panel.player.PlayersPanel - Adding new player to table: Note (ID: 172)
2025-10-14 15:19:16.712 [AWT-EventQueue-0] INFO  c.a.beats.panel.player.PlayersPanel - Adding new player to table: Note (ID: 173)
2025-10-14 15:19:16.712 [AWT-EventQueue-0] INFO  c.a.beats.panel.player.PlayersPanel - Adding new player to table: Note (ID: 174)
2025-10-14 15:19:16.712 [AWT-EventQueue-0] INFO  c.a.beats.panel.player.PlayersPanel - Adding new player to table: Note (ID: 175)
2025-10-14 15:19:16.712 [AWT-EventQueue-0] INFO  c.a.beats.panel.player.PlayersPanel - Adding new player to table: Note (ID: 176)
2025-10-14 15:19:16.712 [AWT-EventQueue-0] INFO  c.a.beats.panel.player.PlayersPanel - Adding new player to table: Note (ID: 177)
2025-10-14 15:19:16.712 [AWT-EventQueue-0] INFO  c.a.beats.panel.player.PlayersPanel - Adding new player to table: Note (ID: 194)
2025-10-14 15:19:16.712 [AWT-EventQueue-0] INFO  c.a.beats.panel.player.PlayersPanel - Adding new player to table: Note (ID: 195)
2025-10-14 15:19:16.712 [AWT-EventQueue-0] INFO  c.a.beats.panel.player.PlayersPanel - Adding new player to table: Note (ID: 196)
2025-10-14 15:19:16.712 [AWT-EventQueue-0] INFO  c.a.beats.panel.player.PlayersPanel - Adding new player to table: Note (ID: 197)
2025-10-14 15:19:16.713 [AWT-EventQueue-0] INFO  c.a.beats.panel.player.PlayersPanel - Adding new player to table: Note (ID: 198)
2025-10-14 15:19:16.713 [AWT-EventQueue-0] INFO  c.a.beats.panel.player.PlayersPanel - Adding new player to table: Note (ID: 199)
2025-10-14 15:19:16.713 [AWT-EventQueue-0] INFO  c.a.beats.panel.player.PlayersPanel - Adding new player to table: Note (ID: 200)
2025-10-14 15:19:16.713 [AWT-EventQueue-0] INFO  c.a.beats.panel.player.PlayersPanel - Adding new player to table: Note (ID: 201)
2025-10-14 15:19:16.713 [AWT-EventQueue-0] INFO  c.a.beats.panel.player.PlayersPanel - Adding new player to table: Note (ID: 218)
2025-10-14 15:19:16.713 [AWT-EventQueue-0] INFO  c.a.beats.panel.player.PlayersPanel - Adding new player to table: Note (ID: 219)
2025-10-14 15:19:16.713 [AWT-EventQueue-0] INFO  c.a.beats.panel.player.PlayersPanel - Adding new player to table: Note (ID: 220)
2025-10-14 15:19:16.713 [AWT-EventQueue-0] INFO  c.a.beats.panel.player.PlayersPanel - Adding new player to table: Note (ID: 221)
2025-10-14 15:19:16.713 [AWT-EventQueue-0] INFO  c.a.beats.panel.player.PlayersPanel - Adding new player to table: Note (ID: 222)
2025-10-14 15:19:16.713 [AWT-EventQueue-0] INFO  c.a.beats.panel.player.PlayersPanel - Adding new player to table: Note (ID: 223)
2025-10-14 15:19:16.713 [AWT-EventQueue-0] INFO  c.a.beats.panel.player.PlayersPanel - Adding new player to table: Note (ID: 224)
2025-10-14 15:19:16.713 [AWT-EventQueue-0] INFO  c.a.beats.panel.player.PlayersPanel - Adding new player to table: Note (ID: 225)
2025-10-14 15:19:16.713 [AWT-EventQueue-0] INFO  c.a.beats.panel.player.PlayersPanel - Adding new player to table: Note (ID: 242)
2025-10-14 15:19:16.713 [AWT-EventQueue-0] INFO  c.a.beats.panel.player.PlayersPanel - Adding new player to table: Note (ID: 243)
2025-10-14 15:19:16.713 [AWT-EventQueue-0] INFO  c.a.beats.panel.player.PlayersPanel - Adding new player to table: Note (ID: 244)
2025-10-14 15:19:16.713 [AWT-EventQueue-0] INFO  c.a.beats.panel.player.PlayersPanel - Adding new player to table: Note (ID: 245)
2025-10-14 15:19:16.715 [AWT-EventQueue-0] INFO  c.a.beats.panel.player.PlayersPanel - Adding new player to table: Note (ID: 246)
2025-10-14 15:19:16.715 [AWT-EventQueue-0] INFO  c.a.beats.panel.player.PlayersPanel - Adding new player to table: Note (ID: 247)
2025-10-14 15:19:16.715 [AWT-EventQueue-0] INFO  c.a.beats.panel.player.PlayersPanel - Adding new player to table: Note (ID: 248)
2025-10-14 15:19:16.715 [AWT-EventQueue-0] INFO  c.a.beats.panel.player.PlayersPanel - Adding new player to table: Note (ID: 249)
2025-10-14 15:19:16.715 [AWT-EventQueue-0] INFO  c.a.beats.panel.player.PlayersPanel - Adding new player to table: Note (ID: 266)
2025-10-14 15:19:16.715 [AWT-EventQueue-0] INFO  c.a.beats.panel.player.PlayersPanel - Adding new player to table: Note (ID: 267)
2025-10-14 15:19:16.715 [AWT-EventQueue-0] INFO  c.a.beats.panel.player.PlayersPanel - Adding new player to table: Note (ID: 268)
2025-10-14 15:19:16.715 [AWT-EventQueue-0] INFO  c.a.beats.panel.player.PlayersPanel - Adding new player to table: Note (ID: 269)
2025-10-14 15:19:16.715 [AWT-EventQueue-0] INFO  c.a.beats.panel.player.PlayersPanel - Adding new player to table: Note (ID: 270)
2025-10-14 15:19:16.715 [AWT-EventQueue-0] INFO  c.a.beats.panel.player.PlayersPanel - Adding new player to table: Note (ID: 271)
2025-10-14 15:19:16.716 [AWT-EventQueue-0] INFO  c.a.beats.panel.player.PlayersPanel - Adding new player to table: Note (ID: 272)
2025-10-14 15:19:16.716 [AWT-EventQueue-0] INFO  c.a.beats.panel.player.PlayersPanel - Adding new player to table: Note (ID: 273)
2025-10-14 15:19:16.716 [AWT-EventQueue-0] INFO  c.a.beats.panel.player.PlayersPanel - Adding new player to table: Note (ID: 290)
2025-10-14 15:19:16.716 [AWT-EventQueue-0] INFO  c.a.beats.panel.player.PlayersPanel - Adding new player to table: Note (ID: 291)
2025-10-14 15:19:16.716 [AWT-EventQueue-0] INFO  c.a.beats.panel.player.PlayersPanel - Adding new player to table: Note (ID: 292)
2025-10-14 15:19:16.716 [AWT-EventQueue-0] INFO  c.a.beats.panel.player.PlayersPanel - Adding new player to table: Note (ID: 293)
2025-10-14 15:19:16.716 [AWT-EventQueue-0] INFO  c.a.beats.panel.player.PlayersPanel - Adding new player to table: Note (ID: 294)
2025-10-14 15:19:16.716 [AWT-EventQueue-0] INFO  c.a.beats.panel.player.PlayersPanel - Adding new player to table: Note (ID: 295)
2025-10-14 15:19:16.716 [AWT-EventQueue-0] INFO  c.a.beats.panel.player.PlayersPanel - Adding new player to table: Note (ID: 296)
2025-10-14 15:19:16.716 [AWT-EventQueue-0] INFO  c.a.beats.panel.player.PlayersPanel - Adding new player to table: Note (ID: 297)
2025-10-14 15:19:16.716 [AWT-EventQueue-0] INFO  c.a.beats.panel.player.PlayersPanel - Adding new player to table: Note (ID: 314)
2025-10-14 15:19:16.716 [AWT-EventQueue-0] INFO  c.a.beats.panel.player.PlayersPanel - Adding new player to table: Note (ID: 315)
2025-10-14 15:19:16.716 [AWT-EventQueue-0] INFO  c.a.beats.panel.player.PlayersPanel - Adding new player to table: Note (ID: 316)
2025-10-14 15:19:16.716 [AWT-EventQueue-0] INFO  c.a.beats.panel.player.PlayersPanel - Adding new player to table: Note (ID: 317)
2025-10-14 15:19:16.716 [AWT-EventQueue-0] INFO  c.a.beats.panel.player.PlayersPanel - Adding new player to table: Note (ID: 318)
2025-10-14 15:19:16.716 [AWT-EventQueue-0] INFO  c.a.beats.panel.player.PlayersPanel - Adding new player to table: Note (ID: 319)
2025-10-14 15:19:16.716 [AWT-EventQueue-0] INFO  c.a.beats.panel.player.PlayersPanel - Adding new player to table: Note (ID: 320)
2025-10-14 15:19:16.716 [AWT-EventQueue-0] INFO  c.a.beats.panel.player.PlayersPanel - Adding new player to table: Note (ID: 321)
2025-10-14 15:19:16.716 [AWT-EventQueue-0] INFO  c.a.beats.panel.player.PlayersPanel - Adding new player to table: Note (ID: 338)
2025-10-14 15:19:16.716 [AWT-EventQueue-0] INFO  c.a.beats.panel.player.PlayersPanel - Adding new player to table: Note (ID: 339)
2025-10-14 15:19:16.716 [AWT-EventQueue-0] INFO  c.a.beats.panel.player.PlayersPanel - Adding new player to table: Note (ID: 340)
2025-10-14 15:19:16.716 [AWT-EventQueue-0] INFO  c.a.beats.panel.player.PlayersPanel - Adding new player to table: Note (ID: 341)
2025-10-14 15:19:16.716 [AWT-EventQueue-0] INFO  c.a.beats.panel.player.PlayersPanel - Adding new player to table: Note (ID: 342)
2025-10-14 15:19:16.716 [AWT-EventQueue-0] INFO  c.a.beats.panel.player.PlayersPanel - Adding new player to table: Note (ID: 343)
2025-10-14 15:19:16.717 [AWT-EventQueue-0] INFO  c.a.beats.panel.player.PlayersPanel - Adding new player to table: Note (ID: 344)
2025-10-14 15:19:16.717 [AWT-EventQueue-0] INFO  c.a.beats.panel.player.PlayersPanel - Adding new player to table: Note (ID: 345)
2025-10-14 15:19:16.717 [AWT-EventQueue-0] INFO  c.a.beats.panel.player.PlayersPanel - Adding new player to table: Note (ID: 362)
2025-10-14 15:19:16.717 [AWT-EventQueue-0] INFO  c.a.beats.panel.player.PlayersPanel - Adding new player to table: Note (ID: 363)
2025-10-14 15:19:16.717 [AWT-EventQueue-0] INFO  c.a.beats.panel.player.PlayersPanel - Adding new player to table: Note (ID: 364)
2025-10-14 15:19:16.717 [AWT-EventQueue-0] INFO  c.a.beats.panel.player.PlayersPanel - Adding new player to table: Note (ID: 365)
2025-10-14 15:19:16.717 [AWT-EventQueue-0] INFO  c.a.beats.panel.player.PlayersPanel - Adding new player to table: Note (ID: 366)
2025-10-14 15:19:16.717 [AWT-EventQueue-0] INFO  c.a.beats.panel.player.PlayersPanel - Adding new player to table: Note (ID: 367)
2025-10-14 15:19:16.717 [AWT-EventQueue-0] INFO  c.a.beats.panel.player.PlayersPanel - Adding new player to table: Note (ID: 368)
2025-10-14 15:19:16.717 [AWT-EventQueue-0] INFO  c.a.beats.panel.player.PlayersPanel - Adding new player to table: Note (ID: 369)
2025-10-14 15:19:16.717 [AWT-EventQueue-0] INFO  c.a.beats.panel.player.PlayersPanel - Adding new player to table: Note (ID: 386)
2025-10-14 15:19:16.717 [AWT-EventQueue-0] INFO  c.a.beats.panel.player.PlayersPanel - Adding new player to table: Note (ID: 387)
2025-10-14 15:19:16.717 [AWT-EventQueue-0] INFO  c.a.beats.panel.player.PlayersPanel - Adding new player to table: Note (ID: 388)
2025-10-14 15:19:16.718 [AWT-EventQueue-0] INFO  c.a.beats.panel.player.PlayersPanel - Adding new player to table: Note (ID: 389)
2025-10-14 15:19:16.718 [AWT-EventQueue-0] INFO  c.a.beats.panel.player.PlayersPanel - Adding new player to table: Note (ID: 390)
2025-10-14 15:19:16.718 [AWT-EventQueue-0] INFO  c.a.beats.panel.player.PlayersPanel - Adding new player to table: Note (ID: 391)
2025-10-14 15:19:16.718 [AWT-EventQueue-0] INFO  c.a.beats.panel.player.PlayersPanel - Adding new player to table: Note (ID: 392)
2025-10-14 15:19:16.718 [AWT-EventQueue-0] INFO  c.a.beats.panel.player.PlayersPanel - Adding new player to table: Note (ID: 393)
2025-10-14 15:19:16.718 [AWT-EventQueue-0] INFO  c.a.beats.panel.player.PlayersPanel - Adding new player to table: Note (ID: 410)
2025-10-14 15:19:16.718 [AWT-EventQueue-0] INFO  c.a.beats.panel.player.PlayersPanel - Adding new player to table: Note (ID: 411)
2025-10-14 15:19:16.718 [AWT-EventQueue-0] INFO  c.a.beats.panel.player.PlayersPanel - Adding new player to table: Note (ID: 412)
2025-10-14 15:19:16.718 [AWT-EventQueue-0] INFO  c.a.beats.panel.player.PlayersPanel - Adding new player to table: Note (ID: 413)
2025-10-14 15:19:16.718 [AWT-EventQueue-0] INFO  c.a.beats.panel.player.PlayersPanel - Adding new player to table: Note (ID: 414)
2025-10-14 15:19:16.718 [AWT-EventQueue-0] INFO  c.a.beats.panel.player.PlayersPanel - Adding new player to table: Note (ID: 415)
2025-10-14 15:19:16.718 [AWT-EventQueue-0] INFO  c.a.beats.panel.player.PlayersPanel - Adding new player to table: Note (ID: 416)
2025-10-14 15:19:16.718 [AWT-EventQueue-0] INFO  c.a.beats.panel.player.PlayersPanel - Adding new player to table: Note (ID: 417)
2025-10-14 15:19:16.718 [AWT-EventQueue-0] INFO  c.a.beats.panel.player.PlayersPanel - Adding new player to table: Note 1 (ID: 466)
2025-10-14 15:19:16.719 [AWT-EventQueue-0] INFO  c.a.beats.panel.player.PlayersPanel - Adding new player to table: Note 2 (ID: 468)
2025-10-14 15:19:16.719 [AWT-EventQueue-0] INFO  c.a.beats.panel.player.PlayersPanel - Adding new player to table: Note 3 (ID: 470)
2025-10-14 15:19:16.719 [AWT-EventQueue-0] INFO  c.a.beats.panel.player.PlayersPanel - Adding new player to table: Note 4 (ID: 472)
2025-10-14 15:19:16.719 [AWT-EventQueue-0] INFO  c.a.beats.panel.player.PlayersPanel - Adding new player to table: Note 5 (ID: 474)
2025-10-14 15:19:16.719 [AWT-EventQueue-0] INFO  c.a.beats.panel.player.PlayersPanel - Adding new player to table: Note 6 (ID: 476)
2025-10-14 15:19:16.719 [AWT-EventQueue-0] INFO  c.a.beats.panel.player.PlayersPanel - Adding new player to table: Note 7 (ID: 478)
2025-10-14 15:19:16.719 [AWT-EventQueue-0] INFO  c.a.beats.panel.player.PlayersPanel - Adding new player to table: Note 8 (ID: 480)
2025-10-14 15:19:16.719 [AWT-EventQueue-0] INFO  c.a.beats.panel.player.PlayersPanel - Adding new player to table: Strike (ID: 33)
2025-10-14 15:19:16.719 [AWT-EventQueue-0] INFO  c.a.beats.panel.player.PlayersPanel - Adding new player to table: Strike (ID: 34)
2025-10-14 15:19:16.719 [AWT-EventQueue-0] INFO  c.a.beats.panel.player.PlayersPanel - Adding new player to table: Strike (ID: 35)
2025-10-14 15:19:16.719 [AWT-EventQueue-0] INFO  c.a.beats.panel.player.PlayersPanel - Adding new player to table: Strike (ID: 36)
2025-10-14 15:19:16.720 [AWT-EventQueue-0] INFO  c.a.beats.panel.player.PlayersPanel - Adding new player to table: Strike (ID: 37)
2025-10-14 15:19:16.720 [AWT-EventQueue-0] INFO  c.a.beats.panel.player.PlayersPanel - Adding new player to table: Strike (ID: 38)
2025-10-14 15:19:16.720 [AWT-EventQueue-0] INFO  c.a.beats.panel.player.PlayersPanel - Adding new player to table: Strike (ID: 39)
2025-10-14 15:19:16.720 [AWT-EventQueue-0] INFO  c.a.beats.panel.player.PlayersPanel - Adding new player to table: Strike (ID: 40)
2025-10-14 15:19:16.720 [AWT-EventQueue-0] INFO  c.a.beats.panel.player.PlayersPanel - Adding new player to table: Strike (ID: 41)
2025-10-14 15:19:16.720 [AWT-EventQueue-0] INFO  c.a.beats.panel.player.PlayersPanel - Adding new player to table: Strike (ID: 42)
2025-10-14 15:19:16.720 [AWT-EventQueue-0] INFO  c.a.beats.panel.player.PlayersPanel - Adding new player to table: Strike (ID: 43)
2025-10-14 15:19:16.720 [AWT-EventQueue-0] INFO  c.a.beats.panel.player.PlayersPanel - Adding new player to table: Strike (ID: 44)
2025-10-14 15:19:16.720 [AWT-EventQueue-0] INFO  c.a.beats.panel.player.PlayersPanel - Adding new player to table: Strike (ID: 45)
2025-10-14 15:19:16.720 [AWT-EventQueue-0] INFO  c.a.beats.panel.player.PlayersPanel - Adding new player to table: Strike (ID: 46)
2025-10-14 15:19:16.720 [AWT-EventQueue-0] INFO  c.a.beats.panel.player.PlayersPanel - Adding new player to table: Strike (ID: 47)
2025-10-14 15:19:16.720 [AWT-EventQueue-0] INFO  c.a.beats.panel.player.PlayersPanel - Adding new player to table: Strike (ID: 48)
2025-10-14 15:19:16.720 [AWT-EventQueue-0] INFO  c.a.beats.panel.player.PlayersPanel - Adding new player to table: Strike (ID: 57)
2025-10-14 15:19:16.720 [AWT-EventQueue-0] INFO  c.a.beats.panel.player.PlayersPanel - Adding new player to table: Strike (ID: 58)
2025-10-14 15:19:16.720 [AWT-EventQueue-0] INFO  c.a.beats.panel.player.PlayersPanel - Adding new player to table: Strike (ID: 59)
2025-10-14 15:19:16.721 [AWT-EventQueue-0] INFO  c.a.beats.panel.player.PlayersPanel - Adding new player to table: Strike (ID: 60)
2025-10-14 15:19:16.721 [AWT-EventQueue-0] INFO  c.a.beats.panel.player.PlayersPanel - Adding new player to table: Strike (ID: 61)
2025-10-14 15:19:16.721 [AWT-EventQueue-0] INFO  c.a.beats.panel.player.PlayersPanel - Adding new player to table: Strike (ID: 62)
2025-10-14 15:19:16.721 [AWT-EventQueue-0] INFO  c.a.beats.panel.player.PlayersPanel - Adding new player to table: Strike (ID: 63)
2025-10-14 15:19:16.721 [AWT-EventQueue-0] INFO  c.a.beats.panel.player.PlayersPanel - Adding new player to table: Strike (ID: 64)
2025-10-14 15:19:16.721 [AWT-EventQueue-0] INFO  c.a.beats.panel.player.PlayersPanel - Adding new player to table: Strike (ID: 65)
2025-10-14 15:19:16.721 [AWT-EventQueue-0] INFO  c.a.beats.panel.player.PlayersPanel - Adding new player to table: Strike (ID: 66)
2025-10-14 15:19:16.721 [AWT-EventQueue-0] INFO  c.a.beats.panel.player.PlayersPanel - Adding new player to table: Strike (ID: 67)
2025-10-14 15:19:16.721 [AWT-EventQueue-0] INFO  c.a.beats.panel.player.PlayersPanel - Adding new player to table: Strike (ID: 68)
2025-10-14 15:19:16.721 [AWT-EventQueue-0] INFO  c.a.beats.panel.player.PlayersPanel - Adding new player to table: Strike (ID: 69)
2025-10-14 15:19:16.721 [AWT-EventQueue-0] INFO  c.a.beats.panel.player.PlayersPanel - Adding new player to table: Strike (ID: 70)
2025-10-14 15:19:16.722 [AWT-EventQueue-0] INFO  c.a.beats.panel.player.PlayersPanel - Adding new player to table: Strike (ID: 71)
2025-10-14 15:19:16.722 [AWT-EventQueue-0] INFO  c.a.beats.panel.player.PlayersPanel - Adding new player to table: Strike (ID: 72)
2025-10-14 15:19:16.722 [AWT-EventQueue-0] INFO  c.a.beats.panel.player.PlayersPanel - Adding new player to table: Strike (ID: 82)
2025-10-14 15:19:16.722 [AWT-EventQueue-0] INFO  c.a.beats.panel.player.PlayersPanel - Adding new player to table: Strike (ID: 83)
2025-10-14 15:19:16.722 [AWT-EventQueue-0] INFO  c.a.beats.panel.player.PlayersPanel - Adding new player to table: Strike (ID: 84)
2025-10-14 15:19:16.722 [AWT-EventQueue-0] INFO  c.a.beats.panel.player.PlayersPanel - Adding new player to table: Strike (ID: 85)
2025-10-14 15:19:16.722 [AWT-EventQueue-0] INFO  c.a.beats.panel.player.PlayersPanel - Adding new player to table: Strike (ID: 86)
2025-10-14 15:19:16.722 [AWT-EventQueue-0] INFO  c.a.beats.panel.player.PlayersPanel - Adding new player to table: Strike (ID: 87)
2025-10-14 15:19:16.722 [AWT-EventQueue-0] INFO  c.a.beats.panel.player.PlayersPanel - Adding new player to table: Strike (ID: 88)
2025-10-14 15:19:16.722 [AWT-EventQueue-0] INFO  c.a.beats.panel.player.PlayersPanel - Adding new player to table: Strike (ID: 89)
2025-10-14 15:19:16.722 [AWT-EventQueue-0] INFO  c.a.beats.panel.player.PlayersPanel - Adding new player to table: Strike (ID: 90)
2025-10-14 15:19:16.722 [AWT-EventQueue-0] INFO  c.a.beats.panel.player.PlayersPanel - Adding new player to table: Strike (ID: 91)
2025-10-14 15:19:16.722 [AWT-EventQueue-0] INFO  c.a.beats.panel.player.PlayersPanel - Adding new player to table: Strike (ID: 92)
2025-10-14 15:19:16.722 [AWT-EventQueue-0] INFO  c.a.beats.panel.player.PlayersPanel - Adding new player to table: Strike (ID: 93)
2025-10-14 15:19:16.722 [AWT-EventQueue-0] INFO  c.a.beats.panel.player.PlayersPanel - Adding new player to table: Strike (ID: 94)
2025-10-14 15:19:16.722 [AWT-EventQueue-0] INFO  c.a.beats.panel.player.PlayersPanel - Adding new player to table: Strike (ID: 95)
2025-10-14 15:19:16.722 [AWT-EventQueue-0] INFO  c.a.beats.panel.player.PlayersPanel - Adding new player to table: Strike (ID: 96)
2025-10-14 15:19:16.722 [AWT-EventQueue-0] INFO  c.a.beats.panel.player.PlayersPanel - Adding new player to table: Strike (ID: 97)
2025-10-14 15:19:16.722 [AWT-EventQueue-0] INFO  c.a.beats.panel.player.PlayersPanel - Adding new player to table: Strike (ID: 106)
2025-10-14 15:19:16.722 [AWT-EventQueue-0] INFO  c.a.beats.panel.player.PlayersPanel - Adding new player to table: Strike (ID: 107)
2025-10-14 15:19:16.722 [AWT-EventQueue-0] INFO  c.a.beats.panel.player.PlayersPanel - Adding new player to table: Strike (ID: 108)
2025-10-14 15:19:16.722 [AWT-EventQueue-0] INFO  c.a.beats.panel.player.PlayersPanel - Adding new player to table: Strike (ID: 109)
2025-10-14 15:19:16.722 [AWT-EventQueue-0] INFO  c.a.beats.panel.player.PlayersPanel - Adding new player to table: Strike (ID: 110)
2025-10-14 15:19:16.722 [AWT-EventQueue-0] INFO  c.a.beats.panel.player.PlayersPanel - Adding new player to table: Strike (ID: 111)
2025-10-14 15:19:16.722 [AWT-EventQueue-0] INFO  c.a.beats.panel.player.PlayersPanel - Adding new player to table: Strike (ID: 112)
2025-10-14 15:19:16.722 [AWT-EventQueue-0] INFO  c.a.beats.panel.player.PlayersPanel - Adding new player to table: Strike (ID: 113)
2025-10-14 15:19:16.722 [AWT-EventQueue-0] INFO  c.a.beats.panel.player.PlayersPanel - Adding new player to table: Strike (ID: 114)
2025-10-14 15:19:16.722 [AWT-EventQueue-0] INFO  c.a.beats.panel.player.PlayersPanel - Adding new player to table: Strike (ID: 115)
2025-10-14 15:19:16.722 [AWT-EventQueue-0] INFO  c.a.beats.panel.player.PlayersPanel - Adding new player to table: Strike (ID: 116)
2025-10-14 15:19:16.722 [AWT-EventQueue-0] INFO  c.a.beats.panel.player.PlayersPanel - Adding new player to table: Strike (ID: 117)
2025-10-14 15:19:16.722 [AWT-EventQueue-0] INFO  c.a.beats.panel.player.PlayersPanel - Adding new player to table: Strike (ID: 118)
2025-10-14 15:19:16.722 [AWT-EventQueue-0] INFO  c.a.beats.panel.player.PlayersPanel - Adding new player to table: Strike (ID: 119)
2025-10-14 15:19:16.724 [AWT-EventQueue-0] INFO  c.a.beats.panel.player.PlayersPanel - Adding new player to table: Strike (ID: 120)
2025-10-14 15:19:16.724 [AWT-EventQueue-0] INFO  c.a.beats.panel.player.PlayersPanel - Adding new player to table: Strike (ID: 121)
2025-10-14 15:19:16.724 [AWT-EventQueue-0] INFO  c.a.beats.panel.player.PlayersPanel - Adding new player to table: Strike (ID: 130)
2025-10-14 15:19:16.724 [AWT-EventQueue-0] INFO  c.a.beats.panel.player.PlayersPanel - Adding new player to table: Strike (ID: 131)
2025-10-14 15:19:16.724 [AWT-EventQueue-0] INFO  c.a.beats.panel.player.PlayersPanel - Adding new player to table: Strike (ID: 132)
2025-10-14 15:19:16.724 [AWT-EventQueue-0] INFO  c.a.beats.panel.player.PlayersPanel - Adding new player to table: Strike (ID: 133)
2025-10-14 15:19:16.724 [AWT-EventQueue-0] INFO  c.a.beats.panel.player.PlayersPanel - Adding new player to table: Strike (ID: 134)
2025-10-14 15:19:16.724 [AWT-EventQueue-0] INFO  c.a.beats.panel.player.PlayersPanel - Adding new player to table: Strike (ID: 135)
2025-10-14 15:19:16.724 [AWT-EventQueue-0] INFO  c.a.beats.panel.player.PlayersPanel - Adding new player to table: Strike (ID: 136)
2025-10-14 15:19:16.724 [AWT-EventQueue-0] INFO  c.a.beats.panel.player.PlayersPanel - Adding new player to table: Strike (ID: 137)
2025-10-14 15:19:16.724 [AWT-EventQueue-0] INFO  c.a.beats.panel.player.PlayersPanel - Adding new player to table: Strike (ID: 138)
2025-10-14 15:19:16.724 [AWT-EventQueue-0] INFO  c.a.beats.panel.player.PlayersPanel - Adding new player to table: Strike (ID: 139)
2025-10-14 15:19:16.725 [AWT-EventQueue-0] INFO  c.a.beats.panel.player.PlayersPanel - Adding new player to table: Strike (ID: 140)
2025-10-14 15:19:16.725 [AWT-EventQueue-0] INFO  c.a.beats.panel.player.PlayersPanel - Adding new player to table: Strike (ID: 141)
2025-10-14 15:19:16.725 [AWT-EventQueue-0] INFO  c.a.beats.panel.player.PlayersPanel - Adding new player to table: Strike (ID: 142)
2025-10-14 15:19:16.725 [AWT-EventQueue-0] INFO  c.a.beats.panel.player.PlayersPanel - Adding new player to table: Strike (ID: 143)
2025-10-14 15:19:16.725 [AWT-EventQueue-0] INFO  c.a.beats.panel.player.PlayersPanel - Adding new player to table: Strike (ID: 144)
2025-10-14 15:19:16.725 [AWT-EventQueue-0] INFO  c.a.beats.panel.player.PlayersPanel - Adding new player to table: Strike (ID: 145)
2025-10-14 15:19:16.725 [AWT-EventQueue-0] INFO  c.a.beats.panel.player.PlayersPanel - Adding new player to table: Strike (ID: 154)
2025-10-14 15:19:16.725 [AWT-EventQueue-0] INFO  c.a.beats.panel.player.PlayersPanel - Adding new player to table: Strike (ID: 155)
2025-10-14 15:19:16.725 [AWT-EventQueue-0] INFO  c.a.beats.panel.player.PlayersPanel - Adding new player to table: Strike (ID: 156)
2025-10-14 15:19:16.725 [AWT-EventQueue-0] INFO  c.a.beats.panel.player.PlayersPanel - Adding new player to table: Strike (ID: 157)
2025-10-14 15:19:16.725 [AWT-EventQueue-0] INFO  c.a.beats.panel.player.PlayersPanel - Adding new player to table: Strike (ID: 158)
2025-10-14 15:19:16.725 [AWT-EventQueue-0] INFO  c.a.beats.panel.player.PlayersPanel - Adding new player to table: Strike (ID: 159)
2025-10-14 15:19:16.725 [AWT-EventQueue-0] INFO  c.a.beats.panel.player.PlayersPanel - Adding new player to table: Strike (ID: 160)
2025-10-14 15:19:16.725 [AWT-EventQueue-0] INFO  c.a.beats.panel.player.PlayersPanel - Adding new player to table: Strike (ID: 161)
2025-10-14 15:19:16.725 [AWT-EventQueue-0] INFO  c.a.beats.panel.player.PlayersPanel - Adding new player to table: Strike (ID: 162)
2025-10-14 15:19:16.726 [AWT-EventQueue-0] INFO  c.a.beats.panel.player.PlayersPanel - Adding new player to table: Strike (ID: 163)
2025-10-14 15:19:16.726 [AWT-EventQueue-0] INFO  c.a.beats.panel.player.PlayersPanel - Adding new player to table: Strike (ID: 164)
2025-10-14 15:19:16.726 [AWT-EventQueue-0] INFO  c.a.beats.panel.player.PlayersPanel - Adding new player to table: Strike (ID: 165)
2025-10-14 15:19:16.726 [AWT-EventQueue-0] INFO  c.a.beats.panel.player.PlayersPanel - Adding new player to table: Strike (ID: 166)
2025-10-14 15:19:16.726 [AWT-EventQueue-0] INFO  c.a.beats.panel.player.PlayersPanel - Adding new player to table: Strike (ID: 167)
2025-10-14 15:19:16.726 [AWT-EventQueue-0] INFO  c.a.beats.panel.player.PlayersPanel - Adding new player to table: Strike (ID: 168)
2025-10-14 15:19:16.726 [AWT-EventQueue-0] INFO  c.a.beats.panel.player.PlayersPanel - Adding new player to table: Strike (ID: 169)
2025-10-14 15:19:16.726 [AWT-EventQueue-0] INFO  c.a.beats.panel.player.PlayersPanel - Adding new player to table: Strike (ID: 178)
2025-10-14 15:19:16.726 [AWT-EventQueue-0] INFO  c.a.beats.panel.player.PlayersPanel - Adding new player to table: Strike (ID: 179)
2025-10-14 15:19:16.726 [AWT-EventQueue-0] INFO  c.a.beats.panel.player.PlayersPanel - Adding new player to table: Strike (ID: 180)
2025-10-14 15:19:16.726 [AWT-EventQueue-0] INFO  c.a.beats.panel.player.PlayersPanel - Adding new player to table: Strike (ID: 181)
2025-10-14 15:19:16.726 [AWT-EventQueue-0] INFO  c.a.beats.panel.player.PlayersPanel - Adding new player to table: Strike (ID: 182)
2025-10-14 15:19:16.726 [AWT-EventQueue-0] INFO  c.a.beats.panel.player.PlayersPanel - Adding new player to table: Strike (ID: 183)
2025-10-14 15:19:16.726 [AWT-EventQueue-0] INFO  c.a.beats.panel.player.PlayersPanel - Adding new player to table: Strike (ID: 184)
2025-10-14 15:19:16.726 [AWT-EventQueue-0] INFO  c.a.beats.panel.player.PlayersPanel - Adding new player to table: Strike (ID: 185)
2025-10-14 15:19:16.726 [AWT-EventQueue-0] INFO  c.a.beats.panel.player.PlayersPanel - Adding new player to table: Strike (ID: 186)
2025-10-14 15:19:16.726 [AWT-EventQueue-0] INFO  c.a.beats.panel.player.PlayersPanel - Adding new player to table: Strike (ID: 187)
2025-10-14 15:19:16.726 [AWT-EventQueue-0] INFO  c.a.beats.panel.player.PlayersPanel - Adding new player to table: Strike (ID: 188)
2025-10-14 15:19:16.726 [AWT-EventQueue-0] INFO  c.a.beats.panel.player.PlayersPanel - Adding new player to table: Strike (ID: 189)
2025-10-14 15:19:16.726 [AWT-EventQueue-0] INFO  c.a.beats.panel.player.PlayersPanel - Adding new player to table: Strike (ID: 190)
2025-10-14 15:19:16.728 [AWT-EventQueue-0] INFO  c.a.beats.panel.player.PlayersPanel - Adding new player to table: Strike (ID: 191)
2025-10-14 15:19:16.728 [AWT-EventQueue-0] INFO  c.a.beats.panel.player.PlayersPanel - Adding new player to table: Strike (ID: 192)
2025-10-14 15:19:16.728 [AWT-EventQueue-0] INFO  c.a.beats.panel.player.PlayersPanel - Adding new player to table: Strike (ID: 193)
2025-10-14 15:19:16.728 [AWT-EventQueue-0] INFO  c.a.beats.panel.player.PlayersPanel - Adding new player to table: Strike (ID: 202)
2025-10-14 15:19:16.728 [AWT-EventQueue-0] INFO  c.a.beats.panel.player.PlayersPanel - Adding new player to table: Strike (ID: 203)
2025-10-14 15:19:16.728 [AWT-EventQueue-0] INFO  c.a.beats.panel.player.PlayersPanel - Adding new player to table: Strike (ID: 204)
2025-10-14 15:19:16.728 [AWT-EventQueue-0] INFO  c.a.beats.panel.player.PlayersPanel - Adding new player to table: Strike (ID: 205)
2025-10-14 15:19:16.728 [AWT-EventQueue-0] INFO  c.a.beats.panel.player.PlayersPanel - Adding new player to table: Strike (ID: 206)
2025-10-14 15:19:16.728 [AWT-EventQueue-0] INFO  c.a.beats.panel.player.PlayersPanel - Adding new player to table: Strike (ID: 207)
2025-10-14 15:19:16.728 [AWT-EventQueue-0] INFO  c.a.beats.panel.player.PlayersPanel - Adding new player to table: Strike (ID: 208)
2025-10-14 15:19:16.728 [AWT-EventQueue-0] INFO  c.a.beats.panel.player.PlayersPanel - Adding new player to table: Strike (ID: 209)
2025-10-14 15:19:16.728 [AWT-EventQueue-0] INFO  c.a.beats.panel.player.PlayersPanel - Adding new player to table: Strike (ID: 210)
2025-10-14 15:19:16.729 [AWT-EventQueue-0] INFO  c.a.beats.panel.player.PlayersPanel - Adding new player to table: Strike (ID: 211)
2025-10-14 15:19:16.729 [AWT-EventQueue-0] INFO  c.a.beats.panel.player.PlayersPanel - Adding new player to table: Strike (ID: 212)
2025-10-14 15:19:16.729 [AWT-EventQueue-0] INFO  c.a.beats.panel.player.PlayersPanel - Adding new player to table: Strike (ID: 213)
2025-10-14 15:19:16.729 [AWT-EventQueue-0] INFO  c.a.beats.panel.player.PlayersPanel - Adding new player to table: Strike (ID: 214)
2025-10-14 15:19:16.729 [AWT-EventQueue-0] INFO  c.a.beats.panel.player.PlayersPanel - Adding new player to table: Strike (ID: 215)
2025-10-14 15:19:16.729 [AWT-EventQueue-0] INFO  c.a.beats.panel.player.PlayersPanel - Adding new player to table: Strike (ID: 216)
2025-10-14 15:19:16.729 [AWT-EventQueue-0] INFO  c.a.beats.panel.player.PlayersPanel - Adding new player to table: Strike (ID: 217)
2025-10-14 15:19:16.729 [AWT-EventQueue-0] INFO  c.a.beats.panel.player.PlayersPanel - Adding new player to table: Strike (ID: 226)
2025-10-14 15:19:16.729 [AWT-EventQueue-0] INFO  c.a.beats.panel.player.PlayersPanel - Adding new player to table: Strike (ID: 227)
2025-10-14 15:19:16.729 [AWT-EventQueue-0] INFO  c.a.beats.panel.player.PlayersPanel - Adding new player to table: Strike (ID: 228)
2025-10-14 15:19:16.729 [AWT-EventQueue-0] INFO  c.a.beats.panel.player.PlayersPanel - Adding new player to table: Strike (ID: 229)
2025-10-14 15:19:16.729 [AWT-EventQueue-0] INFO  c.a.beats.panel.player.PlayersPanel - Adding new player to table: Strike (ID: 230)
2025-10-14 15:19:16.729 [AWT-EventQueue-0] INFO  c.a.beats.panel.player.PlayersPanel - Adding new player to table: Strike (ID: 231)
2025-10-14 15:19:16.729 [AWT-EventQueue-0] INFO  c.a.beats.panel.player.PlayersPanel - Adding new player to table: Strike (ID: 232)
2025-10-14 15:19:16.729 [AWT-EventQueue-0] INFO  c.a.beats.panel.player.PlayersPanel - Adding new player to table: Strike (ID: 233)
2025-10-14 15:19:16.729 [AWT-EventQueue-0] INFO  c.a.beats.panel.player.PlayersPanel - Adding new player to table: Strike (ID: 234)
2025-10-14 15:19:16.729 [AWT-EventQueue-0] INFO  c.a.beats.panel.player.PlayersPanel - Adding new player to table: Strike (ID: 235)
2025-10-14 15:19:16.729 [AWT-EventQueue-0] INFO  c.a.beats.panel.player.PlayersPanel - Adding new player to table: Strike (ID: 236)
2025-10-14 15:19:16.729 [AWT-EventQueue-0] INFO  c.a.beats.panel.player.PlayersPanel - Adding new player to table: Strike (ID: 237)
2025-10-14 15:19:16.729 [AWT-EventQueue-0] INFO  c.a.beats.panel.player.PlayersPanel - Adding new player to table: Strike (ID: 238)
2025-10-14 15:19:16.729 [AWT-EventQueue-0] INFO  c.a.beats.panel.player.PlayersPanel - Adding new player to table: Strike (ID: 239)
2025-10-14 15:19:16.729 [AWT-EventQueue-0] INFO  c.a.beats.panel.player.PlayersPanel - Adding new player to table: Strike (ID: 240)
2025-10-14 15:19:16.729 [AWT-EventQueue-0] INFO  c.a.beats.panel.player.PlayersPanel - Adding new player to table: Strike (ID: 241)
2025-10-14 15:19:16.729 [AWT-EventQueue-0] INFO  c.a.beats.panel.player.PlayersPanel - Adding new player to table: Strike (ID: 250)
2025-10-14 15:19:16.730 [AWT-EventQueue-0] INFO  c.a.beats.panel.player.PlayersPanel - Adding new player to table: Strike (ID: 251)
2025-10-14 15:19:16.730 [AWT-EventQueue-0] INFO  c.a.beats.panel.player.PlayersPanel - Adding new player to table: Strike (ID: 252)
2025-10-14 15:19:16.730 [AWT-EventQueue-0] INFO  c.a.beats.panel.player.PlayersPanel - Adding new player to table: Strike (ID: 253)
2025-10-14 15:19:16.730 [AWT-EventQueue-0] INFO  c.a.beats.panel.player.PlayersPanel - Adding new player to table: Strike (ID: 254)
2025-10-14 15:19:16.730 [AWT-EventQueue-0] INFO  c.a.beats.panel.player.PlayersPanel - Adding new player to table: Strike (ID: 255)
2025-10-14 15:19:16.730 [AWT-EventQueue-0] INFO  c.a.beats.panel.player.PlayersPanel - Adding new player to table: Strike (ID: 256)
2025-10-14 15:19:16.730 [AWT-EventQueue-0] INFO  c.a.beats.panel.player.PlayersPanel - Adding new player to table: Strike (ID: 257)
2025-10-14 15:19:16.730 [AWT-EventQueue-0] INFO  c.a.beats.panel.player.PlayersPanel - Adding new player to table: Strike (ID: 258)
2025-10-14 15:19:16.730 [AWT-EventQueue-0] INFO  c.a.beats.panel.player.PlayersPanel - Adding new player to table: Strike (ID: 259)
2025-10-14 15:19:16.730 [AWT-EventQueue-0] INFO  c.a.beats.panel.player.PlayersPanel - Adding new player to table: Strike (ID: 260)
2025-10-14 15:19:16.730 [AWT-EventQueue-0] INFO  c.a.beats.panel.player.PlayersPanel - Adding new player to table: Strike (ID: 261)
2025-10-14 15:19:16.730 [AWT-EventQueue-0] INFO  c.a.beats.panel.player.PlayersPanel - Adding new player to table: Strike (ID: 262)
2025-10-14 15:19:16.730 [AWT-EventQueue-0] INFO  c.a.beats.panel.player.PlayersPanel - Adding new player to table: Strike (ID: 263)
2025-10-14 15:19:16.730 [AWT-EventQueue-0] INFO  c.a.beats.panel.player.PlayersPanel - Adding new player to table: Strike (ID: 264)
2025-10-14 15:19:16.730 [AWT-EventQueue-0] INFO  c.a.beats.panel.player.PlayersPanel - Adding new player to table: Strike (ID: 265)
2025-10-14 15:19:16.731 [AWT-EventQueue-0] INFO  c.a.beats.panel.player.PlayersPanel - Adding new player to table: Strike (ID: 274)
2025-10-14 15:19:16.731 [AWT-EventQueue-0] INFO  c.a.beats.panel.player.PlayersPanel - Adding new player to table: Strike (ID: 275)
2025-10-14 15:19:16.731 [AWT-EventQueue-0] INFO  c.a.beats.panel.player.PlayersPanel - Adding new player to table: Strike (ID: 276)
2025-10-14 15:19:16.731 [AWT-EventQueue-0] INFO  c.a.beats.panel.player.PlayersPanel - Adding new player to table: Strike (ID: 277)
2025-10-14 15:19:16.731 [AWT-EventQueue-0] INFO  c.a.beats.panel.player.PlayersPanel - Adding new player to table: Strike (ID: 278)
2025-10-14 15:19:16.731 [AWT-EventQueue-0] INFO  c.a.beats.panel.player.PlayersPanel - Adding new player to table: Strike (ID: 279)
2025-10-14 15:19:16.731 [AWT-EventQueue-0] INFO  c.a.beats.panel.player.PlayersPanel - Adding new player to table: Strike (ID: 280)
2025-10-14 15:19:16.731 [AWT-EventQueue-0] INFO  c.a.beats.panel.player.PlayersPanel - Adding new player to table: Strike (ID: 281)
2025-10-14 15:19:16.731 [AWT-EventQueue-0] INFO  c.a.beats.panel.player.PlayersPanel - Adding new player to table: Strike (ID: 282)
2025-10-14 15:19:16.731 [AWT-EventQueue-0] INFO  c.a.beats.panel.player.PlayersPanel - Adding new player to table: Strike (ID: 283)
2025-10-14 15:19:16.731 [AWT-EventQueue-0] INFO  c.a.beats.panel.player.PlayersPanel - Adding new player to table: Strike (ID: 284)
2025-10-14 15:19:16.731 [AWT-EventQueue-0] INFO  c.a.beats.panel.player.PlayersPanel - Adding new player to table: Strike (ID: 285)
2025-10-14 15:19:16.731 [AWT-EventQueue-0] INFO  c.a.beats.panel.player.PlayersPanel - Adding new player to table: Strike (ID: 286)
2025-10-14 15:19:16.731 [AWT-EventQueue-0] INFO  c.a.beats.panel.player.PlayersPanel - Adding new player to table: Strike (ID: 287)
2025-10-14 15:19:16.731 [AWT-EventQueue-0] INFO  c.a.beats.panel.player.PlayersPanel - Adding new player to table: Strike (ID: 288)
2025-10-14 15:19:16.731 [AWT-EventQueue-0] INFO  c.a.beats.panel.player.PlayersPanel - Adding new player to table: Strike (ID: 289)
2025-10-14 15:19:16.731 [AWT-EventQueue-0] INFO  c.a.beats.panel.player.PlayersPanel - Adding new player to table: Strike (ID: 298)
2025-10-14 15:19:16.731 [AWT-EventQueue-0] INFO  c.a.beats.panel.player.PlayersPanel - Adding new player to table: Strike (ID: 299)
2025-10-14 15:19:16.731 [AWT-EventQueue-0] INFO  c.a.beats.panel.player.PlayersPanel - Adding new player to table: Strike (ID: 300)
2025-10-14 15:19:16.731 [AWT-EventQueue-0] INFO  c.a.beats.panel.player.PlayersPanel - Adding new player to table: Strike (ID: 301)
2025-10-14 15:19:16.731 [AWT-EventQueue-0] INFO  c.a.beats.panel.player.PlayersPanel - Adding new player to table: Strike (ID: 302)
2025-10-14 15:19:16.731 [AWT-EventQueue-0] INFO  c.a.beats.panel.player.PlayersPanel - Adding new player to table: Strike (ID: 303)
2025-10-14 15:19:16.731 [AWT-EventQueue-0] INFO  c.a.beats.panel.player.PlayersPanel - Adding new player to table: Strike (ID: 304)
2025-10-14 15:19:16.731 [AWT-EventQueue-0] INFO  c.a.beats.panel.player.PlayersPanel - Adding new player to table: Strike (ID: 305)
2025-10-14 15:19:16.731 [AWT-EventQueue-0] INFO  c.a.beats.panel.player.PlayersPanel - Adding new player to table: Strike (ID: 306)
2025-10-14 15:19:16.731 [AWT-EventQueue-0] INFO  c.a.beats.panel.player.PlayersPanel - Adding new player to table: Strike (ID: 307)
2025-10-14 15:19:16.731 [AWT-EventQueue-0] INFO  c.a.beats.panel.player.PlayersPanel - Adding new player to table: Strike (ID: 308)
2025-10-14 15:19:16.731 [AWT-EventQueue-0] INFO  c.a.beats.panel.player.PlayersPanel - Adding new player to table: Strike (ID: 309)
2025-10-14 15:19:16.731 [AWT-EventQueue-0] INFO  c.a.beats.panel.player.PlayersPanel - Adding new player to table: Strike (ID: 310)
2025-10-14 15:19:16.731 [AWT-EventQueue-0] INFO  c.a.beats.panel.player.PlayersPanel - Adding new player to table: Strike (ID: 311)
2025-10-14 15:19:16.731 [AWT-EventQueue-0] INFO  c.a.beats.panel.player.PlayersPanel - Adding new player to table: Strike (ID: 312)
2025-10-14 15:19:16.731 [AWT-EventQueue-0] INFO  c.a.beats.panel.player.PlayersPanel - Adding new player to table: Strike (ID: 313)
2025-10-14 15:19:16.731 [AWT-EventQueue-0] INFO  c.a.beats.panel.player.PlayersPanel - Adding new player to table: Strike (ID: 322)
2025-10-14 15:19:16.731 [AWT-EventQueue-0] INFO  c.a.beats.panel.player.PlayersPanel - Adding new player to table: Strike (ID: 323)
2025-10-14 15:19:16.731 [AWT-EventQueue-0] INFO  c.a.beats.panel.player.PlayersPanel - Adding new player to table: Strike (ID: 324)
2025-10-14 15:19:16.731 [AWT-EventQueue-0] INFO  c.a.beats.panel.player.PlayersPanel - Adding new player to table: Strike (ID: 325)
2025-10-14 15:19:16.731 [AWT-EventQueue-0] INFO  c.a.beats.panel.player.PlayersPanel - Adding new player to table: Strike (ID: 326)
2025-10-14 15:19:16.731 [AWT-EventQueue-0] INFO  c.a.beats.panel.player.PlayersPanel - Adding new player to table: Strike (ID: 327)
2025-10-14 15:19:16.732 [AWT-EventQueue-0] INFO  c.a.beats.panel.player.PlayersPanel - Adding new player to table: Strike (ID: 328)
2025-10-14 15:19:16.732 [AWT-EventQueue-0] INFO  c.a.beats.panel.player.PlayersPanel - Adding new player to table: Strike (ID: 329)
2025-10-14 15:19:16.732 [AWT-EventQueue-0] INFO  c.a.beats.panel.player.PlayersPanel - Adding new player to table: Strike (ID: 330)
2025-10-14 15:19:16.732 [AWT-EventQueue-0] INFO  c.a.beats.panel.player.PlayersPanel - Adding new player to table: Strike (ID: 331)
2025-10-14 15:19:16.732 [AWT-EventQueue-0] INFO  c.a.beats.panel.player.PlayersPanel - Adding new player to table: Strike (ID: 332)
2025-10-14 15:19:16.732 [AWT-EventQueue-0] INFO  c.a.beats.panel.player.PlayersPanel - Adding new player to table: Strike (ID: 333)
2025-10-14 15:19:16.732 [AWT-EventQueue-0] INFO  c.a.beats.panel.player.PlayersPanel - Adding new player to table: Strike (ID: 334)
2025-10-14 15:19:16.732 [AWT-EventQueue-0] INFO  c.a.beats.panel.player.PlayersPanel - Adding new player to table: Strike (ID: 335)
2025-10-14 15:19:16.732 [AWT-EventQueue-0] INFO  c.a.beats.panel.player.PlayersPanel - Adding new player to table: Strike (ID: 336)
2025-10-14 15:19:16.732 [AWT-EventQueue-0] INFO  c.a.beats.panel.player.PlayersPanel - Adding new player to table: Strike (ID: 337)
2025-10-14 15:19:16.732 [AWT-EventQueue-0] INFO  c.a.beats.panel.player.PlayersPanel - Adding new player to table: Strike (ID: 346)
2025-10-14 15:19:16.732 [AWT-EventQueue-0] INFO  c.a.beats.panel.player.PlayersPanel - Adding new player to table: Strike (ID: 347)
2025-10-14 15:19:16.732 [AWT-EventQueue-0] INFO  c.a.beats.panel.player.PlayersPanel - Adding new player to table: Strike (ID: 348)
2025-10-14 15:19:16.732 [AWT-EventQueue-0] INFO  c.a.beats.panel.player.PlayersPanel - Adding new player to table: Strike (ID: 349)
2025-10-14 15:19:16.732 [AWT-EventQueue-0] INFO  c.a.beats.panel.player.PlayersPanel - Adding new player to table: Strike (ID: 350)
2025-10-14 15:19:16.732 [AWT-EventQueue-0] INFO  c.a.beats.panel.player.PlayersPanel - Adding new player to table: Strike (ID: 351)
2025-10-14 15:19:16.732 [AWT-EventQueue-0] INFO  c.a.beats.panel.player.PlayersPanel - Adding new player to table: Strike (ID: 352)
2025-10-14 15:19:16.732 [AWT-EventQueue-0] INFO  c.a.beats.panel.player.PlayersPanel - Adding new player to table: Strike (ID: 353)
2025-10-14 15:19:16.732 [AWT-EventQueue-0] INFO  c.a.beats.panel.player.PlayersPanel - Adding new player to table: Strike (ID: 354)
2025-10-14 15:19:16.732 [AWT-EventQueue-0] INFO  c.a.beats.panel.player.PlayersPanel - Adding new player to table: Strike (ID: 355)
2025-10-14 15:19:16.732 [AWT-EventQueue-0] INFO  c.a.beats.panel.player.PlayersPanel - Adding new player to table: Strike (ID: 356)
2025-10-14 15:19:16.732 [AWT-EventQueue-0] INFO  c.a.beats.panel.player.PlayersPanel - Adding new player to table: Strike (ID: 357)
2025-10-14 15:19:16.732 [AWT-EventQueue-0] INFO  c.a.beats.panel.player.PlayersPanel - Adding new player to table: Strike (ID: 358)
2025-10-14 15:19:16.732 [AWT-EventQueue-0] INFO  c.a.beats.panel.player.PlayersPanel - Adding new player to table: Strike (ID: 359)
2025-10-14 15:19:16.732 [AWT-EventQueue-0] INFO  c.a.beats.panel.player.PlayersPanel - Adding new player to table: Strike (ID: 360)
2025-10-14 15:19:16.732 [AWT-EventQueue-0] INFO  c.a.beats.panel.player.PlayersPanel - Adding new player to table: Strike (ID: 361)
2025-10-14 15:19:16.732 [AWT-EventQueue-0] INFO  c.a.beats.panel.player.PlayersPanel - Adding new player to table: Strike (ID: 370)
2025-10-14 15:19:16.732 [AWT-EventQueue-0] INFO  c.a.beats.panel.player.PlayersPanel - Adding new player to table: Strike (ID: 371)
2025-10-14 15:19:16.732 [AWT-EventQueue-0] INFO  c.a.beats.panel.player.PlayersPanel - Adding new player to table: Strike (ID: 372)
2025-10-14 15:19:16.733 [AWT-EventQueue-0] INFO  c.a.beats.panel.player.PlayersPanel - Adding new player to table: Strike (ID: 373)
2025-10-14 15:19:16.733 [AWT-EventQueue-0] INFO  c.a.beats.panel.player.PlayersPanel - Adding new player to table: Strike (ID: 374)
2025-10-14 15:19:16.733 [AWT-EventQueue-0] INFO  c.a.beats.panel.player.PlayersPanel - Adding new player to table: Strike (ID: 375)
2025-10-14 15:19:16.733 [AWT-EventQueue-0] INFO  c.a.beats.panel.player.PlayersPanel - Adding new player to table: Strike (ID: 376)
2025-10-14 15:19:16.733 [AWT-EventQueue-0] INFO  c.a.beats.panel.player.PlayersPanel - Adding new player to table: Strike (ID: 377)
2025-10-14 15:19:16.733 [AWT-EventQueue-0] INFO  c.a.beats.panel.player.PlayersPanel - Adding new player to table: Strike (ID: 378)
2025-10-14 15:19:16.733 [AWT-EventQueue-0] INFO  c.a.beats.panel.player.PlayersPanel - Adding new player to table: Strike (ID: 379)
2025-10-14 15:19:16.733 [AWT-EventQueue-0] INFO  c.a.beats.panel.player.PlayersPanel - Adding new player to table: Strike (ID: 380)
2025-10-14 15:19:16.733 [AWT-EventQueue-0] INFO  c.a.beats.panel.player.PlayersPanel - Adding new player to table: Strike (ID: 381)
2025-10-14 15:19:16.733 [AWT-EventQueue-0] INFO  c.a.beats.panel.player.PlayersPanel - Adding new player to table: Strike (ID: 382)
2025-10-14 15:19:16.733 [AWT-EventQueue-0] INFO  c.a.beats.panel.player.PlayersPanel - Adding new player to table: Strike (ID: 383)
2025-10-14 15:19:16.733 [AWT-EventQueue-0] INFO  c.a.beats.panel.player.PlayersPanel - Adding new player to table: Strike (ID: 384)
2025-10-14 15:19:16.733 [AWT-EventQueue-0] INFO  c.a.beats.panel.player.PlayersPanel - Adding new player to table: Strike (ID: 385)
2025-10-14 15:19:16.733 [AWT-EventQueue-0] INFO  c.a.beats.panel.player.PlayersPanel - Adding new player to table: Strike (ID: 394)
2025-10-14 15:19:16.733 [AWT-EventQueue-0] INFO  c.a.beats.panel.player.PlayersPanel - Adding new player to table: Strike (ID: 395)
2025-10-14 15:19:16.733 [AWT-EventQueue-0] INFO  c.a.beats.panel.player.PlayersPanel - Adding new player to table: Strike (ID: 396)
2025-10-14 15:19:16.733 [AWT-EventQueue-0] INFO  c.a.beats.panel.player.PlayersPanel - Adding new player to table: Strike (ID: 397)
2025-10-14 15:19:16.733 [AWT-EventQueue-0] INFO  c.a.beats.panel.player.PlayersPanel - Adding new player to table: Strike (ID: 398)
2025-10-14 15:19:16.733 [AWT-EventQueue-0] INFO  c.a.beats.panel.player.PlayersPanel - Adding new player to table: Strike (ID: 399)
2025-10-14 15:19:16.733 [AWT-EventQueue-0] INFO  c.a.beats.panel.player.PlayersPanel - Adding new player to table: Strike (ID: 400)
2025-10-14 15:19:16.734 [AWT-EventQueue-0] INFO  c.a.beats.panel.player.PlayersPanel - Adding new player to table: Strike (ID: 401)
2025-10-14 15:19:16.734 [AWT-EventQueue-0] INFO  c.a.beats.panel.player.PlayersPanel - Adding new player to table: Strike (ID: 402)
2025-10-14 15:19:16.734 [AWT-EventQueue-0] INFO  c.a.beats.panel.player.PlayersPanel - Adding new player to table: Strike (ID: 403)
2025-10-14 15:19:16.734 [AWT-EventQueue-0] INFO  c.a.beats.panel.player.PlayersPanel - Adding new player to table: Strike (ID: 404)
2025-10-14 15:19:16.734 [AWT-EventQueue-0] INFO  c.a.beats.panel.player.PlayersPanel - Adding new player to table: Strike (ID: 405)
2025-10-14 15:19:16.734 [AWT-EventQueue-0] INFO  c.a.beats.panel.player.PlayersPanel - Adding new player to table: Strike (ID: 406)
2025-10-14 15:19:16.734 [AWT-EventQueue-0] INFO  c.a.beats.panel.player.PlayersPanel - Adding new player to table: Strike (ID: 407)
2025-10-14 15:19:16.734 [AWT-EventQueue-0] INFO  c.a.beats.panel.player.PlayersPanel - Adding new player to table: Strike (ID: 408)
2025-10-14 15:19:16.734 [AWT-EventQueue-0] INFO  c.a.beats.panel.player.PlayersPanel - Adding new player to table: Strike (ID: 409)
2025-10-14 15:19:16.734 [AWT-EventQueue-0] INFO  c.a.beats.panel.player.PlayersPanel - Adding new player to table: Strike 01 (ID: 450)
2025-10-14 15:19:16.734 [AWT-EventQueue-0] INFO  c.a.beats.panel.player.PlayersPanel - Adding new player to table: Strike 101 (ID: 460)
2025-10-14 15:19:16.734 [AWT-EventQueue-0] INFO  c.a.beats.panel.player.PlayersPanel - Adding new player to table: Strike 11 (ID: 451)
2025-10-14 15:19:16.735 [AWT-EventQueue-0] INFO  c.a.beats.panel.player.PlayersPanel - Adding new player to table: Strike 111 (ID: 461)
2025-10-14 15:19:16.735 [AWT-EventQueue-0] INFO  c.a.beats.panel.player.PlayersPanel - Adding new player to table: Strike 121 (ID: 462)
2025-10-14 15:19:16.735 [AWT-EventQueue-0] INFO  c.a.beats.panel.player.PlayersPanel - Adding new player to table: Strike 131 (ID: 463)
2025-10-14 15:19:16.735 [AWT-EventQueue-0] INFO  c.a.beats.panel.player.PlayersPanel - Adding new player to table: Strike 141 (ID: 464)
2025-10-14 15:19:16.735 [AWT-EventQueue-0] INFO  c.a.beats.panel.player.PlayersPanel - Adding new player to table: Strike 151 (ID: 465)
2025-10-14 15:19:16.735 [AWT-EventQueue-0] INFO  c.a.beats.panel.player.PlayersPanel - Adding new player to table: Strike 21 (ID: 452)
2025-10-14 15:19:16.735 [AWT-EventQueue-0] INFO  c.a.beats.panel.player.PlayersPanel - Adding new player to table: Strike 31 (ID: 453)
2025-10-14 15:19:16.735 [AWT-EventQueue-0] INFO  c.a.beats.panel.player.PlayersPanel - Adding new player to table: Strike 41 (ID: 454)
2025-10-14 15:19:16.735 [AWT-EventQueue-0] INFO  c.a.beats.panel.player.PlayersPanel - Adding new player to table: Strike 51 (ID: 455)
2025-10-14 15:19:16.735 [AWT-EventQueue-0] INFO  c.a.beats.panel.player.PlayersPanel - Adding new player to table: Strike 61 (ID: 456)
2025-10-14 15:19:16.735 [AWT-EventQueue-0] INFO  c.a.beats.panel.player.PlayersPanel - Adding new player to table: Strike 71 (ID: 457)
2025-10-14 15:19:16.735 [AWT-EventQueue-0] INFO  c.a.beats.panel.player.PlayersPanel - Adding new player to table: Strike 81 (ID: 458)
2025-10-14 15:19:16.735 [AWT-EventQueue-0] INFO  c.a.beats.panel.player.PlayersPanel - Adding new player to table: Strike 91 (ID: 459)
2025-10-14 15:19:17.130 [AWT-EventQueue-0] INFO  c.a.beats.panel.LoggingPanel - Logging panel initialized
2025-10-14 15:19:17.144 [AWT-EventQueue-0] INFO  c.a.b.panel.GlobalMuteButtonsPanel - MuteButtonsPanel registered with CommandBus, listening for note events
2025-10-14 15:19:17.144 [AWT-EventQueue-0] INFO  c.a.b.panel.GlobalMuteButtonsPanel - MuteButtonsPanel created and registered with CommandBus
2025-10-14 15:19:17.153 [AWT-EventQueue-0] INFO  c.angrysurfer.beats.panel.MainPanel - Setting up drum note event publisher
2025-10-14 15:19:17.153 [AWT-EventQueue-0] INFO  c.angrysurfer.beats.panel.MainPanel - Setting up melodic note event publisher for channel 2
2025-10-14 15:19:17.153 [AWT-EventQueue-0] INFO  c.angrysurfer.beats.panel.MainPanel - Setting up melodic note event publisher for channel 3
2025-10-14 15:19:17.153 [AWT-EventQueue-0] INFO  c.angrysurfer.beats.panel.MainPanel - Setting up melodic note event publisher for channel 4
2025-10-14 15:19:17.153 [AWT-EventQueue-0] INFO  c.angrysurfer.beats.panel.MainPanel - Setting up melodic note event publisher for channel 5
2025-10-14 15:19:17.198 [AWT-EventQueue-0] INFO  com.angrysurfer.beats.Frame - Loading frame state for window
2025-10-14 15:19:17.201 [AWT-EventQueue-0] INFO  c.a.core.redis.RedisService - Loaded frame state with column order: 
2025-10-14 15:19:17.201 [AWT-EventQueue-0] INFO  com.angrysurfer.beats.Frame - Frame state loaded: true
2025-10-14 15:19:17.205 [AWT-EventQueue-0] INFO  com.angrysurfer.beats.Frame - Applied frame state: size=1200x800, pos=100,100, tab=0, maximized=true, minimized=false
2025-10-14 15:19:18.741 [AWT-EventQueue-0] INFO  com.angrysurfer.beats.App - Application started successfully
2025-10-14 15:19:18.745 [AWT-EventQueue-0] INFO  com.angrysurfer.beats.SplashScreen - Splash screen status: Setting up Look and Feel...
2025-10-14 15:19:18.745 [AWT-EventQueue-0] INFO  com.angrysurfer.beats.SplashScreen - Splash screen status: Applied visual theme
2025-10-14 15:19:18.745 [AWT-EventQueue-0] INFO  com.angrysurfer.beats.SplashScreen - Splash screen status: Creating main window...
2025-10-14 15:19:18.745 [AWT-EventQueue-0] INFO  com.angrysurfer.beats.SplashScreen - Splash screen status: Loading application...
2025-10-14 15:19:18.747 [AWT-EventQueue-0] INFO  c.a.beats.panel.session.SessionPanel - SessionPanel received session update: 1
2025-10-14 15:19:20.506 [AWT-EventQueue-0] INFO  c.a.b.p.s.m.MelodicSequencerGridPanel - Updating note dials display - following: None
2025-10-14 15:19:20.513 [AWT-EventQueue-0] INFO  c.a.b.p.s.m.MelodicSequencerGridPanel - Force syncing grid panel with sequencer - activeSteps:16 steps
2025-10-14 15:19:20.513 [AWT-EventQueue-0] INFO  c.a.b.p.s.m.MelodicSequencerGridPanel - Updating note dials display - following: None
2025-10-14 15:19:20.523 [AWT-EventQueue-0] INFO  c.a.b.p.s.m.MelodicSequencerGridPanel - Updating note dials display - following: None
2025-10-14 15:19:20.531 [AWT-EventQueue-0] INFO  c.a.b.p.s.m.MelodicSequencerGridPanel - Force syncing grid panel with sequencer - activeSteps:16 steps
2025-10-14 15:19:20.531 [AWT-EventQueue-0] INFO  c.a.b.p.s.m.MelodicSequencerGridPanel - Updating note dials display - following: None
2025-10-14 15:19:20.539 [AWT-EventQueue-0] INFO  c.a.b.p.sequencer.TiltSequencerPanel - Received 16 tilt values from sequencer: [0, 0, 0, 0, 0, 0, 0, 0, 0, 0, 0, 0, 0, 0, 0, 0]
2025-10-14 15:19:20.540 [AWT-EventQueue-0] INFO  c.a.b.p.sequencer.TiltSequencerPanel - Received 16 tilt values from sequencer: [0, 0, 0, 0, 0, 0, 0, 0, 0, 0, 0, 0, 0, 0, 0, 0]
2025-10-14 15:19:20.551 [AWT-EventQueue-0] INFO  c.a.b.p.s.m.MelodicSequencerGridPanel - Force syncing grid panel with sequencer - activeSteps:16 steps
2025-10-14 15:19:20.572 [AWT-EventQueue-0] INFO  c.a.b.p.s.m.MelodicSequencerGridPanel - Force syncing grid panel with sequencer - activeSteps:16 steps
2025-10-14 15:19:20.607 [AWT-EventQueue-0] INFO  c.a.b.p.sequencer.TiltSequencerPanel - Received 16 tilt values from sequencer: [0, 0, 0, 0, 0, 0, 0, 0, 0, 0, 0, 0, 0, 0, 0, 0]
2025-10-14 15:19:20.607 [AWT-EventQueue-0] INFO  c.a.b.p.sequencer.TiltSequencerPanel - Received 16 tilt values from sequencer: [0, 0, 0, 0, 0, 0, 0, 0, 0, 0, 0, 0, 0, 0, 0, 0]
2025-10-14 15:19:20.948 [AWT-EventQueue-0] INFO  c.a.core.redis.RedisService - Loaded table state with column order: ID, Name, Instrument, Channel, Preset, Note, Level, Pan, Min Vel, Max Vel, Swing, Prob, Random, Sparse, Ratchets, Interval, Int Beats, Int Bars, Mute, Sticky, Preserve, Owner
2025-10-14 15:19:20.948 [AWT-EventQueue-0] INFO  com.angrysurfer.beats.util.UIHelper - Saving column order: ID, Name, Instrument, Channel, Preset, Note, Level, Pan, Min Vel, Max Vel, Swing, Prob, Random, Sparse, Ratchets, Interval, Int Beats, Int Bars, Mute, Sticky, Preserve, Owner
2025-10-14 15:19:20.954 [AWT-EventQueue-0] INFO  c.a.core.redis.RedisService - Saved table state with column order: ID, Name, Instrument, Channel, Preset, Note, Level, Pan, Min Vel, Max Vel, Swing, Prob, Random, Sparse, Ratchets, Interval, Int Beats, Int Bars, Mute, Sticky, Preserve, Owner
2025-10-14 15:19:20.955 [AWT-EventQueue-0] INFO  c.a.core.redis.RedisService - Loaded table state with column order: ID, Name, Instrument, Channel, Preset, Note, Level, Pan, Min Vel, Max Vel, Swing, Prob, Random, Sparse, Ratchets, Interval, Int Beats, Int Bars, Mute, Sticky, Preserve, Owner
2025-10-14 15:19:20.955 [AWT-EventQueue-0] INFO  com.angrysurfer.beats.util.UIHelper - Restoring column order: ID, Name, Instrument, Channel, Preset, Note, Level, Pan, Min Vel, Max Vel, Swing, Prob, Random, Sparse, Ratchets, Interval, Int Beats, Int Bars, Mute, Sticky, Preserve, Owner
2025-10-14 15:19:20.956 [AWT-EventQueue-0] INFO  c.a.beats.panel.player.PlayersPanel - Auto-selecting first player
2025-10-14 15:19:20.989 [AWT-EventQueue-0] INFO  c.a.beats.panel.player.RulesPanel - Player activated: Note
2025-10-14 15:19:20.989 [AWT-EventQueue-0] INFO  c.a.beats.panel.player.RulesPanel - Loading rules for player: Note
2025-10-14 15:19:20.989 [AWT-EventQueue-0] INFO  c.a.beats.widget.RuleTableModel - Table model cleared (no rules)
2025-10-14 15:19:20.990 [AWT-EventQueue-0] INFO  c.angrysurfer.beats.panel.PianoPanel - Piano panel: Player selected with note 60
2025-10-14 15:19:20.991 [AWT-EventQueue-0] INFO  c.angrysurfer.beats.panel.PianoPanel - Piano panel: Updating octave based on note 60 (current octave: 5, new octave: 5)
2025-10-14 15:19:20.991 [AWT-EventQueue-0] INFO  c.angrysurfer.beats.panel.PianoPanel - Piano panel: Player selected with note 60
2025-10-14 15:19:20.991 [AWT-EventQueue-0] INFO  c.angrysurfer.beats.panel.PianoPanel - Piano panel: Updating octave based on note 60 (current octave: 5, new octave: 5)
2025-10-14 15:19:20.993 [AWT-EventQueue-0] INFO  c.angrysurfer.beats.panel.PianoPanel - Piano panel: Player selected with note 60
2025-10-14 15:19:20.993 [AWT-EventQueue-0] INFO  c.angrysurfer.beats.panel.PianoPanel - Piano panel: Updating octave based on note 60 (current octave: 5, new octave: 5)
2025-10-14 15:19:20.993 [AWT-EventQueue-0] INFO  c.angrysurfer.beats.panel.PianoPanel - Piano panel: Player selected with note 60
2025-10-14 15:19:20.993 [AWT-EventQueue-0] INFO  c.angrysurfer.beats.panel.PianoPanel - Piano panel: Updating octave based on note 60 (current octave: 5, new octave: 5)
2025-10-14 15:19:21.518 [AWT-EventQueue-0] INFO  com.angrysurfer.beats.Frame - Saving frame state: size=1936x1048, pos=-8,-8, tab=0, maximized=true, minimized=false
2025-10-14 15:19:21.523 [AWT-EventQueue-0] INFO  c.a.core.redis.RedisService - Saved frame state with column order: 
2025-10-14 15:19:21.737 [AWT-EventQueue-0] INFO  com.angrysurfer.beats.Frame - Saving frame state: size=1936x1048, pos=-8,-8, tab=0, maximized=true, minimized=false
2025-10-14 15:19:21.739 [AWT-EventQueue-0] INFO  c.a.core.redis.RedisService - Saved frame state with column order: 
2025-10-14 15:19:21.744 [AWT-EventQueue-0] INFO  com.angrysurfer.beats.SplashScreen - Splash screen status: Ready!
2025-10-14 15:19:21.815 [AWT-EventQueue-0] INFO  c.a.beats.panel.player.PlayersPanel - PlayersPanel: Updating with new session: 1
2025-10-14 15:19:21.818 [AWT-EventQueue-0] INFO  c.a.beats.panel.session.SessionPanel - Updating session display for session: 1
2025-10-14 15:19:22.028 [AWT-EventQueue-0] INFO  c.a.beats.widget.InstrumentCombo - Added 9 instruments to combo
2025-10-14 15:19:22.029 [AWT-EventQueue-0] INFO  c.a.beats.widget.InstrumentCombo - Added 9 instruments to combo
2025-10-14 15:19:22.030 [AWT-EventQueue-0] INFO  c.a.beats.widget.InstrumentCombo - Added 9 instruments to combo
2025-10-14 15:19:22.030 [AWT-EventQueue-0] INFO  c.a.beats.widget.InstrumentCombo - Added 9 instruments to combo
2025-10-14 15:19:22.052 [AWT-EventQueue-0] INFO  c.a.beats.widget.PlayersTable - Selected row 32 for player: Note
2025-10-14 15:19:22.111 [AWT-EventQueue-0] INFO  c.a.beats.widget.PlayersTable - Selected row 32 for player: Note
2025-10-14 15:19:22.511 [AWT-EventQueue-0] INFO  c.a.beats.panel.player.PlayersPanel - Setting controls enabled: true
2025-10-14 15:19:22.511 [AWT-EventQueue-0] INFO  c.a.beats.panel.player.PlayersPanel - Refreshing players table with 408 players
2025-10-14 15:19:22.512 [AWT-EventQueue-0] INFO  c.a.beats.widget.PlayersTable - Updated row 136 for player: Strike
2025-10-14 15:19:22.512 [AWT-EventQueue-0] INFO  c.a.beats.widget.PlayersTable - Updated row 137 for player: Strike
2025-10-14 15:19:22.512 [AWT-EventQueue-0] INFO  c.a.beats.widget.PlayersTable - Updated row 0 for player: Note
2025-10-14 15:19:22.513 [AWT-EventQueue-0] INFO  c.a.beats.widget.PlayersTable - Updated row 138 for player: Strike
2025-10-14 15:19:22.513 [AWT-EventQueue-0] INFO  c.a.beats.widget.PlayersTable - Updated row 1 for player: Note
2025-10-14 15:19:22.513 [AWT-EventQueue-0] INFO  c.a.beats.widget.PlayersTable - Updated row 139 for player: Strike
2025-10-14 15:19:22.513 [AWT-EventQueue-0] INFO  c.a.beats.widget.PlayersTable - Updated row 2 for player: Note
2025-10-14 15:19:22.513 [AWT-EventQueue-0] INFO  c.a.beats.widget.PlayersTable - Updated row 140 for player: Strike
2025-10-14 15:19:22.513 [AWT-EventQueue-0] INFO  c.a.beats.widget.PlayersTable - Updated row 141 for player: Strike
2025-10-14 15:19:22.513 [AWT-EventQueue-0] INFO  c.a.beats.widget.PlayersTable - Updated row 142 for player: Strike
2025-10-14 15:19:22.515 [AWT-EventQueue-0] INFO  c.a.beats.widget.PlayersTable - Updated row 3 for player: Note
2025-10-14 15:19:22.515 [AWT-EventQueue-0] INFO  c.a.beats.widget.PlayersTable - Updated row 4 for player: Note
2025-10-14 15:19:22.515 [AWT-EventQueue-0] INFO  c.a.beats.widget.PlayersTable - Updated row 143 for player: Strike
2025-10-14 15:19:22.515 [AWT-EventQueue-0] INFO  c.a.beats.widget.PlayersTable - Updated row 144 for player: Strike
2025-10-14 15:19:22.515 [AWT-EventQueue-0] INFO  c.a.beats.widget.PlayersTable - Updated row 145 for player: Strike
2025-10-14 15:19:22.516 [AWT-EventQueue-0] INFO  c.a.beats.widget.PlayersTable - Updated row 146 for player: Strike
2025-10-14 15:19:22.516 [AWT-EventQueue-0] INFO  c.a.beats.widget.PlayersTable - Updated row 5 for player: Note
2025-10-14 15:19:22.516 [AWT-EventQueue-0] INFO  c.a.beats.widget.PlayersTable - Updated row 147 for player: Strike
2025-10-14 15:19:22.516 [AWT-EventQueue-0] INFO  c.a.beats.widget.PlayersTable - Updated row 404 for player: Strike 61
2025-10-14 15:19:22.516 [AWT-EventQueue-0] INFO  c.a.beats.widget.PlayersTable - Updated row 148 for player: Strike
2025-10-14 15:19:22.516 [AWT-EventQueue-0] INFO  c.a.beats.widget.PlayersTable - Updated row 149 for player: Strike
2025-10-14 15:19:22.518 [AWT-EventQueue-0] INFO  c.a.beats.widget.PlayersTable - Updated row 150 for player: Strike
2025-10-14 15:19:22.518 [AWT-EventQueue-0] INFO  c.a.beats.widget.PlayersTable - Updated row 6 for player: Note
2025-10-14 15:19:22.518 [AWT-EventQueue-0] INFO  c.a.beats.widget.PlayersTable - Updated row 151 for player: Strike
2025-10-14 15:19:22.518 [AWT-EventQueue-0] INFO  c.a.beats.widget.PlayersTable - Updated row 152 for player: Strike
2025-10-14 15:19:22.519 [AWT-EventQueue-0] INFO  c.a.beats.widget.PlayersTable - Updated row 153 for player: Strike
2025-10-14 15:19:22.519 [AWT-EventQueue-0] INFO  c.a.beats.widget.PlayersTable - Updated row 7 for player: Note
2025-10-14 15:19:22.519 [AWT-EventQueue-0] INFO  c.a.beats.widget.PlayersTable - Updated row 130 for player: Note 3
2025-10-14 15:19:22.520 [AWT-EventQueue-0] INFO  c.a.beats.widget.PlayersTable - Updated row 8 for player: Note
2025-10-14 15:19:22.520 [AWT-EventQueue-0] INFO  c.a.beats.widget.PlayersTable - Updated row 9 for player: Note
2025-10-14 15:19:22.520 [AWT-EventQueue-0] INFO  c.a.beats.widget.PlayersTable - Updated row 154 for player: Strike
2025-10-14 15:19:22.520 [AWT-EventQueue-0] INFO  c.a.beats.widget.PlayersTable - Updated row 10 for player: Note
2025-10-14 15:19:22.520 [AWT-EventQueue-0] INFO  c.a.beats.widget.PlayersTable - Updated row 155 for player: Strike
2025-10-14 15:19:22.520 [AWT-EventQueue-0] INFO  c.a.beats.widget.PlayersTable - Updated row 11 for player: Note
2025-10-14 15:19:22.521 [AWT-EventQueue-0] INFO  c.a.beats.widget.PlayersTable - Updated row 12 for player: Note
2025-10-14 15:19:22.521 [AWT-EventQueue-0] INFO  c.a.beats.widget.PlayersTable - Updated row 13 for player: Note
2025-10-14 15:19:22.521 [AWT-EventQueue-0] INFO  c.a.beats.widget.PlayersTable - Updated row 156 for player: Strike
2025-10-14 15:19:22.521 [AWT-EventQueue-0] INFO  c.a.beats.widget.PlayersTable - Updated row 157 for player: Strike
2025-10-14 15:19:22.521 [AWT-EventQueue-0] INFO  c.a.beats.widget.PlayersTable - Updated row 14 for player: Note
2025-10-14 15:19:22.521 [AWT-EventQueue-0] INFO  c.a.beats.widget.PlayersTable - Updated row 158 for player: Strike
2025-10-14 15:19:22.522 [AWT-EventQueue-0] INFO  c.a.beats.widget.PlayersTable - Updated row 159 for player: Strike
2025-10-14 15:19:22.522 [AWT-EventQueue-0] INFO  c.a.beats.widget.PlayersTable - Updated row 15 for player: Note
2025-10-14 15:19:22.522 [AWT-EventQueue-0] INFO  c.a.beats.widget.PlayersTable - Updated row 160 for player: Strike
2025-10-14 15:19:22.522 [AWT-EventQueue-0] INFO  c.a.beats.widget.PlayersTable - Updated row 16 for player: Note
2025-10-14 15:19:22.522 [AWT-EventQueue-0] INFO  c.a.beats.widget.PlayersTable - Updated row 17 for player: Note
2025-10-14 15:19:22.522 [AWT-EventQueue-0] INFO  c.a.beats.widget.PlayersTable - Updated row 161 for player: Strike
2025-10-14 15:19:22.522 [AWT-EventQueue-0] INFO  c.a.beats.widget.PlayersTable - Updated row 18 for player: Note
2025-10-14 15:19:22.523 [AWT-EventQueue-0] INFO  c.a.beats.widget.PlayersTable - Updated row 162 for player: Strike
2025-10-14 15:19:22.523 [AWT-EventQueue-0] INFO  c.a.beats.widget.PlayersTable - Updated row 163 for player: Strike
2025-10-14 15:19:22.523 [AWT-EventQueue-0] INFO  c.a.beats.widget.PlayersTable - Updated row 164 for player: Strike
2025-10-14 15:19:22.523 [AWT-EventQueue-0] INFO  c.a.beats.widget.PlayersTable - Updated row 165 for player: Strike
2025-10-14 15:19:22.524 [AWT-EventQueue-0] INFO  c.a.beats.widget.PlayersTable - Updated row 166 for player: Strike
2025-10-14 15:19:22.524 [AWT-EventQueue-0] INFO  c.a.beats.widget.PlayersTable - Updated row 167 for player: Strike
2025-10-14 15:19:22.524 [AWT-EventQueue-0] INFO  c.a.beats.widget.PlayersTable - Updated row 168 for player: Strike
2025-10-14 15:19:22.524 [AWT-EventQueue-0] INFO  c.a.beats.widget.PlayersTable - Updated row 19 for player: Note
2025-10-14 15:19:22.526 [AWT-EventQueue-0] INFO  c.a.beats.widget.PlayersTable - Updated row 169 for player: Strike
2025-10-14 15:19:22.526 [AWT-EventQueue-0] INFO  c.a.beats.widget.PlayersTable - Updated row 170 for player: Strike
2025-10-14 15:19:22.526 [AWT-EventQueue-0] INFO  c.a.beats.widget.PlayersTable - Updated row 20 for player: Note
2025-10-14 15:19:22.526 [AWT-EventQueue-0] INFO  c.a.beats.widget.PlayersTable - Updated row 21 for player: Note
2025-10-14 15:19:22.526 [AWT-EventQueue-0] INFO  c.a.beats.widget.PlayersTable - Updated row 171 for player: Strike
2025-10-14 15:19:22.526 [AWT-EventQueue-0] INFO  c.a.beats.widget.PlayersTable - Updated row 172 for player: Strike
2025-10-14 15:19:22.527 [AWT-EventQueue-0] INFO  c.a.beats.widget.PlayersTable - Updated row 173 for player: Strike
2025-10-14 15:19:22.527 [AWT-EventQueue-0] INFO  c.a.beats.widget.PlayersTable - Updated row 397 for player: Strike 131
2025-10-14 15:19:22.527 [AWT-EventQueue-0] INFO  c.a.beats.widget.PlayersTable - Updated row 22 for player: Note
2025-10-14 15:19:22.527 [AWT-EventQueue-0] INFO  c.a.beats.widget.PlayersTable - Updated row 23 for player: Note
2025-10-14 15:19:22.527 [AWT-EventQueue-0] INFO  c.a.beats.widget.PlayersTable - Updated row 24 for player: Note
2025-10-14 15:19:22.527 [AWT-EventQueue-0] INFO  c.a.beats.widget.PlayersTable - Updated row 25 for player: Note
2025-10-14 15:19:22.528 [AWT-EventQueue-0] INFO  c.a.beats.widget.PlayersTable - Updated row 26 for player: Note
2025-10-14 15:19:22.528 [AWT-EventQueue-0] INFO  c.a.beats.widget.PlayersTable - Updated row 174 for player: Strike
2025-10-14 15:19:22.528 [AWT-EventQueue-0] INFO  c.a.beats.widget.PlayersTable - Updated row 175 for player: Strike
2025-10-14 15:19:22.528 [AWT-EventQueue-0] INFO  c.a.beats.widget.PlayersTable - Updated row 27 for player: Note
2025-10-14 15:19:22.528 [AWT-EventQueue-0] INFO  c.a.beats.widget.PlayersTable - Updated row 176 for player: Strike
2025-10-14 15:19:22.528 [AWT-EventQueue-0] INFO  c.a.beats.widget.PlayersTable - Updated row 28 for player: Note
2025-10-14 15:19:22.529 [AWT-EventQueue-0] INFO  c.a.beats.widget.PlayersTable - Updated row 177 for player: Strike
2025-10-14 15:19:22.529 [AWT-EventQueue-0] INFO  c.a.beats.widget.PlayersTable - Updated row 178 for player: Strike
2025-10-14 15:19:22.529 [AWT-EventQueue-0] INFO  c.a.beats.widget.PlayersTable - Updated row 179 for player: Strike
2025-10-14 15:19:22.529 [AWT-EventQueue-0] INFO  c.a.beats.widget.PlayersTable - Updated row 180 for player: Strike
2025-10-14 15:19:22.529 [AWT-EventQueue-0] INFO  c.a.beats.widget.PlayersTable - Updated row 181 for player: Strike
2025-10-14 15:19:22.529 [AWT-EventQueue-0] INFO  c.a.beats.widget.PlayersTable - Updated row 29 for player: Note
2025-10-14 15:19:22.530 [AWT-EventQueue-0] INFO  c.a.beats.widget.PlayersTable - Updated row 182 for player: Strike
2025-10-14 15:19:22.530 [AWT-EventQueue-0] INFO  c.a.beats.widget.PlayersTable - Updated row 183 for player: Strike
2025-10-14 15:19:22.530 [AWT-EventQueue-0] INFO  c.a.beats.widget.PlayersTable - Updated row 184 for player: Strike
2025-10-14 15:19:22.530 [AWT-EventQueue-0] INFO  c.a.beats.widget.PlayersTable - Updated row 185 for player: Strike
2025-10-14 15:19:22.530 [AWT-EventQueue-0] INFO  c.a.beats.widget.PlayersTable - Updated row 186 for player: Strike
2025-10-14 15:19:22.530 [AWT-EventQueue-0] INFO  c.a.beats.widget.PlayersTable - Updated row 187 for player: Strike
2025-10-14 15:19:22.530 [AWT-EventQueue-0] INFO  c.a.beats.widget.PlayersTable - Updated row 30 for player: Note
2025-10-14 15:19:22.530 [AWT-EventQueue-0] INFO  c.a.beats.widget.PlayersTable - Updated row 188 for player: Strike
2025-10-14 15:19:22.530 [AWT-EventQueue-0] INFO  c.a.beats.widget.PlayersTable - Updated row 31 for player: Note
2025-10-14 15:19:22.531 [AWT-EventQueue-0] INFO  c.a.beats.widget.PlayersTable - Updated row 32 for player: Note
2025-10-14 15:19:22.531 [AWT-EventQueue-0] INFO  c.a.beats.widget.PlayersTable - Updated row 189 for player: Strike
2025-10-14 15:19:22.531 [AWT-EventQueue-0] INFO  c.a.beats.widget.PlayersTable - Updated row 190 for player: Strike
2025-10-14 15:19:22.531 [AWT-EventQueue-0] INFO  c.a.beats.widget.PlayersTable - Updated row 33 for player: Note
2025-10-14 15:19:22.531 [AWT-EventQueue-0] INFO  c.a.beats.widget.PlayersTable - Updated row 191 for player: Strike
2025-10-14 15:19:22.531 [AWT-EventQueue-0] INFO  c.a.beats.widget.PlayersTable - Updated row 192 for player: Strike
2025-10-14 15:19:22.531 [AWT-EventQueue-0] INFO  c.a.beats.widget.PlayersTable - Updated row 193 for player: Strike
2025-10-14 15:19:22.531 [AWT-EventQueue-0] INFO  c.a.beats.widget.PlayersTable - Updated row 194 for player: Strike
2025-10-14 15:19:22.531 [AWT-EventQueue-0] INFO  c.a.beats.widget.PlayersTable - Updated row 195 for player: Strike
2025-10-14 15:19:22.532 [AWT-EventQueue-0] INFO  c.a.beats.widget.PlayersTable - Updated row 196 for player: Strike
2025-10-14 15:19:22.532 [AWT-EventQueue-0] INFO  c.a.beats.widget.PlayersTable - Updated row 197 for player: Strike
2025-10-14 15:19:22.532 [AWT-EventQueue-0] INFO  c.a.beats.widget.PlayersTable - Updated row 34 for player: Note
2025-10-14 15:19:22.532 [AWT-EventQueue-0] INFO  c.a.beats.widget.PlayersTable - Updated row 198 for player: Strike
2025-10-14 15:19:22.532 [AWT-EventQueue-0] INFO  c.a.beats.widget.PlayersTable - Updated row 199 for player: Strike
2025-10-14 15:19:22.532 [AWT-EventQueue-0] INFO  c.a.beats.widget.PlayersTable - Updated row 200 for player: Strike
2025-10-14 15:19:22.532 [AWT-EventQueue-0] INFO  c.a.beats.widget.PlayersTable - Updated row 35 for player: Note
2025-10-14 15:19:22.533 [AWT-EventQueue-0] INFO  c.a.beats.widget.PlayersTable - Updated row 396 for player: Strike 121
2025-10-14 15:19:22.533 [AWT-EventQueue-0] INFO  c.a.beats.widget.PlayersTable - Updated row 201 for player: Strike
2025-10-14 15:19:22.533 [AWT-EventQueue-0] INFO  c.a.beats.widget.PlayersTable - Updated row 401 for player: Strike 31
2025-10-14 15:19:22.533 [AWT-EventQueue-0] INFO  c.a.beats.widget.PlayersTable - Updated row 202 for player: Strike
2025-10-14 15:19:22.533 [AWT-EventQueue-0] INFO  c.a.beats.widget.PlayersTable - Updated row 203 for player: Strike
2025-10-14 15:19:22.534 [AWT-EventQueue-0] INFO  c.a.beats.widget.PlayersTable - Updated row 204 for player: Strike
2025-10-14 15:19:22.534 [AWT-EventQueue-0] INFO  c.a.beats.widget.PlayersTable - Updated row 205 for player: Strike
2025-10-14 15:19:22.534 [AWT-EventQueue-0] INFO  c.a.beats.widget.PlayersTable - Updated row 206 for player: Strike
2025-10-14 15:19:22.537 [AWT-EventQueue-0] INFO  c.a.beats.widget.PlayersTable - Updated row 36 for player: Note
2025-10-14 15:19:22.537 [AWT-EventQueue-0] INFO  c.a.beats.widget.PlayersTable - Updated row 207 for player: Strike
2025-10-14 15:19:22.537 [AWT-EventQueue-0] INFO  c.a.beats.widget.PlayersTable - Updated row 208 for player: Strike
2025-10-14 15:19:22.537 [AWT-EventQueue-0] INFO  c.a.beats.widget.PlayersTable - Updated row 37 for player: Note
2025-10-14 15:19:22.539 [AWT-EventQueue-0] INFO  c.a.beats.widget.PlayersTable - Updated row 209 for player: Strike
2025-10-14 15:19:22.539 [AWT-EventQueue-0] INFO  c.a.beats.widget.PlayersTable - Updated row 210 for player: Strike
2025-10-14 15:19:22.539 [AWT-EventQueue-0] INFO  c.a.beats.widget.PlayersTable - Updated row 211 for player: Strike
2025-10-14 15:19:22.539 [AWT-EventQueue-0] INFO  c.a.beats.widget.PlayersTable - Updated row 212 for player: Strike
2025-10-14 15:19:22.539 [AWT-EventQueue-0] INFO  c.a.beats.widget.PlayersTable - Updated row 38 for player: Note
2025-10-14 15:19:22.540 [AWT-EventQueue-0] INFO  c.a.beats.widget.PlayersTable - Updated row 213 for player: Strike
2025-10-14 15:19:22.540 [AWT-EventQueue-0] INFO  c.a.beats.widget.PlayersTable - Updated row 39 for player: Note
2025-10-14 15:19:22.540 [AWT-EventQueue-0] INFO  c.a.beats.widget.PlayersTable - Updated row 40 for player: Note
2025-10-14 15:19:22.541 [AWT-EventQueue-0] INFO  c.a.beats.widget.PlayersTable - Updated row 41 for player: Note
2025-10-14 15:19:22.541 [AWT-EventQueue-0] INFO  c.a.beats.widget.PlayersTable - Updated row 214 for player: Strike
2025-10-14 15:19:22.541 [AWT-EventQueue-0] INFO  c.a.beats.widget.PlayersTable - Updated row 215 for player: Strike
2025-10-14 15:19:22.541 [AWT-EventQueue-0] INFO  c.a.beats.widget.PlayersTable - Updated row 42 for player: Note
2025-10-14 15:19:22.541 [AWT-EventQueue-0] INFO  c.a.beats.widget.PlayersTable - Updated row 43 for player: Note
2025-10-14 15:19:22.542 [AWT-EventQueue-0] INFO  c.a.beats.widget.PlayersTable - Updated row 44 for player: Note
2025-10-14 15:19:22.542 [AWT-EventQueue-0] INFO  c.a.beats.widget.PlayersTable - Updated row 45 for player: Note
2025-10-14 15:19:22.542 [AWT-EventQueue-0] INFO  c.a.beats.widget.PlayersTable - Updated row 216 for player: Strike
2025-10-14 15:19:22.542 [AWT-EventQueue-0] INFO  c.a.beats.widget.PlayersTable - Updated row 46 for player: Note
2025-10-14 15:19:22.542 [AWT-EventQueue-0] INFO  c.a.beats.widget.PlayersTable - Updated row 217 for player: Strike
2025-10-14 15:19:22.543 [AWT-EventQueue-0] INFO  c.a.beats.widget.PlayersTable - Updated row 218 for player: Strike
2025-10-14 15:19:22.543 [AWT-EventQueue-0] INFO  c.a.beats.widget.PlayersTable - Updated row 47 for player: Note
2025-10-14 15:19:22.543 [AWT-EventQueue-0] INFO  c.a.beats.widget.PlayersTable - Updated row 219 for player: Strike
2025-10-14 15:19:22.543 [AWT-EventQueue-0] INFO  c.a.beats.widget.PlayersTable - Updated row 220 for player: Strike
2025-10-14 15:19:22.544 [AWT-EventQueue-0] INFO  c.a.beats.widget.PlayersTable - Updated row 221 for player: Strike
2025-10-14 15:19:22.544 [AWT-EventQueue-0] INFO  c.a.beats.widget.PlayersTable - Updated row 222 for player: Strike
2025-10-14 15:19:22.544 [AWT-EventQueue-0] INFO  c.a.beats.widget.PlayersTable - Updated row 48 for player: Note
2025-10-14 15:19:22.544 [AWT-EventQueue-0] INFO  c.a.beats.widget.PlayersTable - Updated row 49 for player: Note
2025-10-14 15:19:22.544 [AWT-EventQueue-0] INFO  c.a.beats.widget.PlayersTable - Updated row 223 for player: Strike
2025-10-14 15:19:22.544 [AWT-EventQueue-0] INFO  c.a.beats.widget.PlayersTable - Updated row 224 for player: Strike
2025-10-14 15:19:22.545 [AWT-EventQueue-0] INFO  c.a.beats.widget.PlayersTable - Updated row 225 for player: Strike
2025-10-14 15:19:22.545 [AWT-EventQueue-0] INFO  c.a.beats.widget.PlayersTable - Updated row 226 for player: Strike
2025-10-14 15:19:22.545 [AWT-EventQueue-0] INFO  c.a.beats.widget.PlayersTable - Updated row 227 for player: Strike
2025-10-14 15:19:22.545 [AWT-EventQueue-0] INFO  c.a.beats.widget.PlayersTable - Updated row 50 for player: Note
2025-10-14 15:19:22.545 [AWT-EventQueue-0] INFO  c.a.beats.widget.PlayersTable - Updated row 228 for player: Strike
2025-10-14 15:19:22.545 [AWT-EventQueue-0] INFO  c.a.beats.widget.PlayersTable - Updated row 229 for player: Strike
2025-10-14 15:19:22.546 [AWT-EventQueue-0] INFO  c.a.beats.widget.PlayersTable - Updated row 51 for player: Note
2025-10-14 15:19:22.547 [AWT-EventQueue-0] INFO  c.a.beats.widget.PlayersTable - Updated row 230 for player: Strike
2025-10-14 15:19:22.547 [AWT-EventQueue-0] INFO  c.a.beats.widget.PlayersTable - Updated row 52 for player: Note
2025-10-14 15:19:22.547 [AWT-EventQueue-0] INFO  c.a.beats.widget.PlayersTable - Updated row 231 for player: Strike
2025-10-14 15:19:22.547 [AWT-EventQueue-0] INFO  c.a.beats.widget.PlayersTable - Updated row 232 for player: Strike
2025-10-14 15:19:22.547 [AWT-EventQueue-0] INFO  c.a.beats.widget.PlayersTable - Updated row 53 for player: Note
2025-10-14 15:19:22.547 [AWT-EventQueue-0] INFO  c.a.beats.widget.PlayersTable - Updated row 131 for player: Note 4
2025-10-14 15:19:22.548 [AWT-EventQueue-0] INFO  c.a.beats.widget.PlayersTable - Updated row 233 for player: Strike
2025-10-14 15:19:22.548 [AWT-EventQueue-0] INFO  c.a.beats.widget.PlayersTable - Updated row 54 for player: Note
2025-10-14 15:19:22.548 [AWT-EventQueue-0] INFO  c.a.beats.widget.PlayersTable - Updated row 234 for player: Strike
2025-10-14 15:19:22.548 [AWT-EventQueue-0] INFO  c.a.beats.widget.PlayersTable - Updated row 235 for player: Strike
2025-10-14 15:19:22.548 [AWT-EventQueue-0] INFO  c.a.beats.widget.PlayersTable - Updated row 236 for player: Strike
2025-10-14 15:19:22.548 [AWT-EventQueue-0] INFO  c.a.beats.widget.PlayersTable - Updated row 237 for player: Strike
2025-10-14 15:19:22.550 [AWT-EventQueue-0] INFO  c.a.beats.widget.PlayersTable - Updated row 238 for player: Strike
2025-10-14 15:19:22.550 [AWT-EventQueue-0] INFO  c.a.beats.widget.PlayersTable - Updated row 239 for player: Strike
2025-10-14 15:19:22.550 [AWT-EventQueue-0] INFO  c.a.beats.widget.PlayersTable - Updated row 240 for player: Strike
2025-10-14 15:19:22.550 [AWT-EventQueue-0] INFO  c.a.beats.widget.PlayersTable - Updated row 241 for player: Strike
2025-10-14 15:19:22.551 [AWT-EventQueue-0] INFO  c.a.beats.widget.PlayersTable - Updated row 242 for player: Strike
2025-10-14 15:19:22.551 [AWT-EventQueue-0] INFO  c.a.beats.widget.PlayersTable - Updated row 243 for player: Strike
2025-10-14 15:19:22.551 [AWT-EventQueue-0] INFO  c.a.beats.widget.PlayersTable - Updated row 244 for player: Strike
2025-10-14 15:19:22.551 [AWT-EventQueue-0] INFO  c.a.beats.widget.PlayersTable - Updated row 245 for player: Strike
2025-10-14 15:19:22.551 [AWT-EventQueue-0] INFO  c.a.beats.widget.PlayersTable - Updated row 55 for player: Note
2025-10-14 15:19:22.552 [AWT-EventQueue-0] INFO  c.a.beats.widget.PlayersTable - Updated row 246 for player: Strike
2025-10-14 15:19:22.552 [AWT-EventQueue-0] INFO  c.a.beats.widget.PlayersTable - Updated row 56 for player: Note
2025-10-14 15:19:22.552 [AWT-EventQueue-0] INFO  c.a.beats.widget.PlayersTable - Updated row 132 for player: Note 5
2025-10-14 15:19:22.552 [AWT-EventQueue-0] INFO  c.a.beats.widget.PlayersTable - Updated row 247 for player: Strike
2025-10-14 15:19:22.552 [AWT-EventQueue-0] INFO  c.a.beats.widget.PlayersTable - Updated row 57 for player: Note
2025-10-14 15:19:22.552 [AWT-EventQueue-0] INFO  c.a.beats.widget.PlayersTable - Updated row 248 for player: Strike
2025-10-14 15:19:22.553 [AWT-EventQueue-0] INFO  c.a.beats.widget.PlayersTable - Updated row 58 for player: Note
2025-10-14 15:19:22.553 [AWT-EventQueue-0] INFO  c.a.beats.widget.PlayersTable - Updated row 59 for player: Note
2025-10-14 15:19:22.553 [AWT-EventQueue-0] INFO  c.a.beats.widget.PlayersTable - Updated row 60 for player: Note
2025-10-14 15:19:22.553 [AWT-EventQueue-0] INFO  c.a.beats.widget.PlayersTable - Updated row 61 for player: Note
2025-10-14 15:19:22.553 [AWT-EventQueue-0] INFO  c.a.beats.widget.PlayersTable - Updated row 249 for player: Strike
2025-10-14 15:19:22.554 [AWT-EventQueue-0] INFO  c.a.beats.widget.PlayersTable - Updated row 250 for player: Strike
2025-10-14 15:19:22.554 [AWT-EventQueue-0] INFO  c.a.beats.widget.PlayersTable - Updated row 62 for player: Note
2025-10-14 15:19:22.554 [AWT-EventQueue-0] INFO  c.a.beats.widget.PlayersTable - Updated row 251 for player: Strike
2025-10-14 15:19:22.555 [AWT-EventQueue-0] INFO  c.a.beats.widget.PlayersTable - Updated row 252 for player: Strike
2025-10-14 15:19:22.555 [AWT-EventQueue-0] INFO  c.a.beats.widget.PlayersTable - Updated row 253 for player: Strike
2025-10-14 15:19:22.555 [AWT-EventQueue-0] INFO  c.a.beats.widget.PlayersTable - Updated row 63 for player: Note
2025-10-14 15:19:22.555 [AWT-EventQueue-0] INFO  c.a.beats.widget.PlayersTable - Updated row 254 for player: Strike
2025-10-14 15:19:22.555 [AWT-EventQueue-0] INFO  c.a.beats.widget.PlayersTable - Updated row 64 for player: Note
2025-10-14 15:19:22.556 [AWT-EventQueue-0] INFO  c.a.beats.widget.PlayersTable - Updated row 255 for player: Strike
2025-10-14 15:19:22.556 [AWT-EventQueue-0] INFO  c.a.beats.widget.PlayersTable - Updated row 256 for player: Strike
2025-10-14 15:19:22.556 [AWT-EventQueue-0] INFO  c.a.beats.widget.PlayersTable - Updated row 257 for player: Strike
2025-10-14 15:19:22.556 [AWT-EventQueue-0] INFO  c.a.beats.widget.PlayersTable - Updated row 258 for player: Strike
2025-10-14 15:19:22.556 [AWT-EventQueue-0] INFO  c.a.beats.widget.PlayersTable - Updated row 259 for player: Strike
2025-10-14 15:19:22.557 [AWT-EventQueue-0] INFO  c.a.beats.widget.PlayersTable - Updated row 65 for player: Note
2025-10-14 15:19:22.558 [AWT-EventQueue-0] INFO  c.a.beats.widget.PlayersTable - Updated row 66 for player: Note
2025-10-14 15:19:22.558 [AWT-EventQueue-0] INFO  c.a.beats.widget.PlayersTable - Updated row 260 for player: Strike
2025-10-14 15:19:22.558 [AWT-EventQueue-0] INFO  c.a.beats.widget.PlayersTable - Updated row 261 for player: Strike
2025-10-14 15:19:22.558 [AWT-EventQueue-0] INFO  c.a.beats.widget.PlayersTable - Updated row 262 for player: Strike
2025-10-14 15:19:22.559 [AWT-EventQueue-0] INFO  c.a.beats.widget.PlayersTable - Updated row 263 for player: Strike
2025-10-14 15:19:22.559 [AWT-EventQueue-0] INFO  c.a.beats.widget.PlayersTable - Updated row 264 for player: Strike
2025-10-14 15:19:22.559 [AWT-EventQueue-0] INFO  c.a.beats.widget.PlayersTable - Updated row 265 for player: Strike
2025-10-14 15:19:22.559 [AWT-EventQueue-0] INFO  c.a.beats.widget.PlayersTable - Updated row 266 for player: Strike
2025-10-14 15:19:22.560 [AWT-EventQueue-0] INFO  c.a.beats.widget.PlayersTable - Updated row 67 for player: Note
2025-10-14 15:19:22.560 [AWT-EventQueue-0] INFO  c.a.beats.widget.PlayersTable - Updated row 267 for player: Strike
2025-10-14 15:19:22.560 [AWT-EventQueue-0] INFO  c.a.beats.widget.PlayersTable - Updated row 68 for player: Note
2025-10-14 15:19:22.560 [AWT-EventQueue-0] INFO  c.a.beats.widget.PlayersTable - Updated row 268 for player: Strike
2025-10-14 15:19:22.560 [AWT-EventQueue-0] INFO  c.a.beats.widget.PlayersTable - Updated row 400 for player: Strike 21
2025-10-14 15:19:22.560 [AWT-EventQueue-0] INFO  c.a.beats.widget.PlayersTable - Updated row 269 for player: Strike
2025-10-14 15:19:22.561 [AWT-EventQueue-0] INFO  c.a.beats.widget.PlayersTable - Updated row 270 for player: Strike
2025-10-14 15:19:22.561 [AWT-EventQueue-0] INFO  c.a.beats.widget.PlayersTable - Updated row 271 for player: Strike
2025-10-14 15:19:22.561 [AWT-EventQueue-0] INFO  c.a.beats.widget.PlayersTable - Updated row 69 for player: Note
2025-10-14 15:19:22.561 [AWT-EventQueue-0] INFO  c.a.beats.widget.PlayersTable - Updated row 272 for player: Strike
2025-10-14 15:19:22.561 [AWT-EventQueue-0] INFO  c.a.beats.widget.PlayersTable - Updated row 70 for player: Note
2025-10-14 15:19:22.561 [AWT-EventQueue-0] INFO  c.a.beats.widget.PlayersTable - Updated row 273 for player: Strike
2025-10-14 15:19:22.562 [AWT-EventQueue-0] INFO  c.a.beats.widget.PlayersTable - Updated row 274 for player: Strike
2025-10-14 15:19:22.562 [AWT-EventQueue-0] INFO  c.a.beats.widget.PlayersTable - Updated row 275 for player: Strike
2025-10-14 15:19:22.562 [AWT-EventQueue-0] INFO  c.a.beats.widget.PlayersTable - Updated row 71 for player: Note
2025-10-14 15:19:22.562 [AWT-EventQueue-0] INFO  c.a.beats.widget.PlayersTable - Updated row 276 for player: Strike
2025-10-14 15:19:22.563 [AWT-EventQueue-0] INFO  c.a.beats.widget.PlayersTable - Updated row 277 for player: Strike
2025-10-14 15:19:22.563 [AWT-EventQueue-0] INFO  c.a.beats.widget.PlayersTable - Updated row 72 for player: Note
2025-10-14 15:19:22.563 [AWT-EventQueue-0] INFO  c.a.beats.widget.PlayersTable - Updated row 278 for player: Strike
2025-10-14 15:19:22.563 [AWT-EventQueue-0] INFO  c.a.beats.widget.PlayersTable - Updated row 133 for player: Note 6
2025-10-14 15:19:22.563 [AWT-EventQueue-0] INFO  c.a.beats.widget.PlayersTable - Updated row 279 for player: Strike
2025-10-14 15:19:22.563 [AWT-EventQueue-0] INFO  c.a.beats.widget.PlayersTable - Updated row 134 for player: Note 7
2025-10-14 15:19:22.563 [AWT-EventQueue-0] INFO  c.a.beats.widget.PlayersTable - Updated row 73 for player: Note
2025-10-14 15:19:22.564 [AWT-EventQueue-0] INFO  c.a.beats.widget.PlayersTable - Updated row 74 for player: Note
2025-10-14 15:19:22.564 [AWT-EventQueue-0] INFO  c.a.beats.widget.PlayersTable - Updated row 280 for player: Strike
2025-10-14 15:19:22.564 [AWT-EventQueue-0] INFO  c.a.beats.widget.PlayersTable - Updated row 75 for player: Note
2025-10-14 15:19:22.564 [AWT-EventQueue-0] INFO  c.a.beats.widget.PlayersTable - Updated row 281 for player: Strike
2025-10-14 15:19:22.564 [AWT-EventQueue-0] INFO  c.a.beats.widget.PlayersTable - Updated row 282 for player: Strike
2025-10-14 15:19:22.564 [AWT-EventQueue-0] INFO  c.a.beats.widget.PlayersTable - Updated row 392 for player: Strike 01
2025-10-14 15:19:22.564 [AWT-EventQueue-0] INFO  c.a.beats.widget.PlayersTable - Updated row 283 for player: Strike
2025-10-14 15:19:22.565 [AWT-EventQueue-0] INFO  c.a.beats.widget.PlayersTable - Updated row 284 for player: Strike
2025-10-14 15:19:22.565 [AWT-EventQueue-0] INFO  c.a.beats.widget.PlayersTable - Updated row 76 for player: Note
2025-10-14 15:19:22.566 [AWT-EventQueue-0] INFO  c.a.beats.widget.PlayersTable - Updated row 129 for player: Note 2
2025-10-14 15:19:22.566 [AWT-EventQueue-0] INFO  c.a.beats.widget.PlayersTable - Updated row 77 for player: Note
2025-10-14 15:19:22.566 [AWT-EventQueue-0] INFO  c.a.beats.widget.PlayersTable - Updated row 78 for player: Note
2025-10-14 15:19:22.566 [AWT-EventQueue-0] INFO  c.a.beats.widget.PlayersTable - Updated row 285 for player: Strike
2025-10-14 15:19:22.566 [AWT-EventQueue-0] INFO  c.a.beats.widget.PlayersTable - Updated row 286 for player: Strike
2025-10-14 15:19:22.566 [AWT-EventQueue-0] INFO  c.a.beats.widget.PlayersTable - Updated row 287 for player: Strike
2025-10-14 15:19:22.566 [AWT-EventQueue-0] INFO  c.a.beats.widget.PlayersTable - Updated row 288 for player: Strike
2025-10-14 15:19:22.567 [AWT-EventQueue-0] INFO  c.a.beats.widget.PlayersTable - Updated row 79 for player: Note
2025-10-14 15:19:22.567 [AWT-EventQueue-0] INFO  c.a.beats.widget.PlayersTable - Updated row 405 for player: Strike 71
2025-10-14 15:19:22.567 [AWT-EventQueue-0] INFO  c.a.beats.widget.PlayersTable - Updated row 289 for player: Strike
2025-10-14 15:19:22.568 [AWT-EventQueue-0] INFO  c.a.beats.widget.PlayersTable - Updated row 290 for player: Strike
2025-10-14 15:19:22.568 [AWT-EventQueue-0] INFO  c.a.beats.widget.PlayersTable - Updated row 291 for player: Strike
2025-10-14 15:19:22.568 [AWT-EventQueue-0] INFO  c.a.beats.widget.PlayersTable - Updated row 80 for player: Note
2025-10-14 15:19:22.568 [AWT-EventQueue-0] INFO  c.a.beats.widget.PlayersTable - Updated row 292 for player: Strike
2025-10-14 15:19:22.568 [AWT-EventQueue-0] INFO  c.a.beats.widget.PlayersTable - Updated row 81 for player: Note
2025-10-14 15:19:22.568 [AWT-EventQueue-0] INFO  c.a.beats.widget.PlayersTable - Updated row 293 for player: Strike
2025-10-14 15:19:22.569 [AWT-EventQueue-0] INFO  c.a.beats.widget.PlayersTable - Updated row 82 for player: Note
2025-10-14 15:19:22.569 [AWT-EventQueue-0] INFO  c.a.beats.widget.PlayersTable - Updated row 83 for player: Note
2025-10-14 15:19:22.569 [AWT-EventQueue-0] INFO  c.a.beats.widget.PlayersTable - Updated row 294 for player: Strike
2025-10-14 15:19:22.569 [AWT-EventQueue-0] INFO  c.a.beats.widget.PlayersTable - Updated row 295 for player: Strike
2025-10-14 15:19:22.569 [AWT-EventQueue-0] INFO  c.a.beats.widget.PlayersTable - Updated row 84 for player: Note
2025-10-14 15:19:22.570 [AWT-EventQueue-0] INFO  c.a.beats.widget.PlayersTable - Updated row 85 for player: Note
2025-10-14 15:19:22.570 [AWT-EventQueue-0] INFO  c.a.beats.widget.PlayersTable - Updated row 86 for player: Note
2025-10-14 15:19:22.570 [AWT-EventQueue-0] INFO  c.a.beats.widget.PlayersTable - Updated row 296 for player: Strike
2025-10-14 15:19:22.570 [AWT-EventQueue-0] INFO  c.a.beats.widget.PlayersTable - Updated row 297 for player: Strike
2025-10-14 15:19:22.570 [AWT-EventQueue-0] INFO  c.a.beats.widget.PlayersTable - Updated row 87 for player: Note
2025-10-14 15:19:22.570 [AWT-EventQueue-0] INFO  c.a.beats.widget.PlayersTable - Updated row 88 for player: Note
2025-10-14 15:19:22.571 [AWT-EventQueue-0] INFO  c.a.beats.widget.PlayersTable - Updated row 403 for player: Strike 51
2025-10-14 15:19:22.571 [AWT-EventQueue-0] INFO  c.a.beats.widget.PlayersTable - Updated row 298 for player: Strike
2025-10-14 15:19:22.571 [AWT-EventQueue-0] INFO  c.a.beats.widget.PlayersTable - Updated row 89 for player: Note
2025-10-14 15:19:22.571 [AWT-EventQueue-0] INFO  c.a.beats.widget.PlayersTable - Updated row 299 for player: Strike
2025-10-14 15:19:22.571 [AWT-EventQueue-0] INFO  c.a.beats.widget.PlayersTable - Updated row 300 for player: Strike
2025-10-14 15:19:22.571 [AWT-EventQueue-0] INFO  c.a.beats.widget.PlayersTable - Updated row 90 for player: Note
2025-10-14 15:19:22.571 [AWT-EventQueue-0] INFO  c.a.beats.widget.PlayersTable - Updated row 301 for player: Strike
2025-10-14 15:19:22.572 [AWT-EventQueue-0] INFO  c.a.beats.widget.PlayersTable - Updated row 91 for player: Note
2025-10-14 15:19:22.572 [AWT-EventQueue-0] INFO  c.a.beats.widget.PlayersTable - Updated row 302 for player: Strike
2025-10-14 15:19:22.572 [AWT-EventQueue-0] INFO  c.a.beats.widget.PlayersTable - Updated row 92 for player: Note
2025-10-14 15:19:22.572 [AWT-EventQueue-0] INFO  c.a.beats.widget.PlayersTable - Updated row 93 for player: Note
2025-10-14 15:19:22.572 [AWT-EventQueue-0] INFO  c.a.beats.widget.PlayersTable - Updated row 303 for player: Strike
2025-10-14 15:19:22.572 [AWT-EventQueue-0] INFO  c.a.beats.widget.PlayersTable - Updated row 94 for player: Note
2025-10-14 15:19:22.573 [AWT-EventQueue-0] INFO  c.a.beats.widget.PlayersTable - Updated row 304 for player: Strike
2025-10-14 15:19:22.573 [AWT-EventQueue-0] INFO  c.a.beats.widget.PlayersTable - Updated row 305 for player: Strike
2025-10-14 15:19:22.573 [AWT-EventQueue-0] INFO  c.a.beats.widget.PlayersTable - Updated row 306 for player: Strike
2025-10-14 15:19:22.573 [AWT-EventQueue-0] INFO  c.a.beats.widget.PlayersTable - Updated row 95 for player: Note
2025-10-14 15:19:22.573 [AWT-EventQueue-0] INFO  c.a.beats.widget.PlayersTable - Updated row 307 for player: Strike
2025-10-14 15:19:22.574 [AWT-EventQueue-0] INFO  c.a.beats.widget.PlayersTable - Updated row 308 for player: Strike
2025-10-14 15:19:22.574 [AWT-EventQueue-0] INFO  c.a.beats.widget.PlayersTable - Updated row 309 for player: Strike
2025-10-14 15:19:22.574 [AWT-EventQueue-0] INFO  c.a.beats.widget.PlayersTable - Updated row 310 for player: Strike
2025-10-14 15:19:22.574 [AWT-EventQueue-0] INFO  c.a.beats.widget.PlayersTable - Updated row 394 for player: Strike 11
2025-10-14 15:19:22.574 [AWT-EventQueue-0] INFO  c.a.beats.widget.PlayersTable - Updated row 311 for player: Strike
2025-10-14 15:19:22.575 [AWT-EventQueue-0] INFO  c.a.beats.widget.PlayersTable - Updated row 312 for player: Strike
2025-10-14 15:19:22.575 [AWT-EventQueue-0] INFO  c.a.beats.widget.PlayersTable - Updated row 313 for player: Strike
2025-10-14 15:19:22.575 [AWT-EventQueue-0] INFO  c.a.beats.widget.PlayersTable - Updated row 96 for player: Note
2025-10-14 15:19:22.575 [AWT-EventQueue-0] INFO  c.a.beats.widget.PlayersTable - Updated row 314 for player: Strike
2025-10-14 15:19:22.575 [AWT-EventQueue-0] INFO  c.a.beats.widget.PlayersTable - Updated row 315 for player: Strike
2025-10-14 15:19:22.577 [AWT-EventQueue-0] INFO  c.a.beats.widget.PlayersTable - Updated row 316 for player: Strike
2025-10-14 15:19:22.577 [AWT-EventQueue-0] INFO  c.a.beats.widget.PlayersTable - Updated row 317 for player: Strike
2025-10-14 15:19:22.577 [AWT-EventQueue-0] INFO  c.a.beats.widget.PlayersTable - Updated row 97 for player: Note
2025-10-14 15:19:22.578 [AWT-EventQueue-0] INFO  c.a.beats.widget.PlayersTable - Updated row 318 for player: Strike
2025-10-14 15:19:22.578 [AWT-EventQueue-0] INFO  c.a.beats.widget.PlayersTable - Updated row 98 for player: Note
2025-10-14 15:19:22.578 [AWT-EventQueue-0] INFO  c.a.beats.widget.PlayersTable - Updated row 319 for player: Strike
2025-10-14 15:19:22.578 [AWT-EventQueue-0] INFO  c.a.beats.widget.PlayersTable - Updated row 320 for player: Strike
2025-10-14 15:19:22.578 [AWT-EventQueue-0] INFO  c.a.beats.widget.PlayersTable - Updated row 321 for player: Strike
2025-10-14 15:19:22.578 [AWT-EventQueue-0] INFO  c.a.beats.widget.PlayersTable - Updated row 322 for player: Strike
2025-10-14 15:19:22.578 [AWT-EventQueue-0] INFO  c.a.beats.widget.PlayersTable - Updated row 135 for player: Note 8
2025-10-14 15:19:22.578 [AWT-EventQueue-0] INFO  c.a.beats.widget.PlayersTable - Updated row 99 for player: Note
2025-10-14 15:19:22.578 [AWT-EventQueue-0] INFO  c.a.beats.widget.PlayersTable - Updated row 100 for player: Note
2025-10-14 15:19:22.578 [AWT-EventQueue-0] INFO  c.a.beats.widget.PlayersTable - Updated row 399 for player: Strike 151
2025-10-14 15:19:22.579 [AWT-EventQueue-0] INFO  c.a.beats.widget.PlayersTable - Updated row 101 for player: Note
2025-10-14 15:19:22.579 [AWT-EventQueue-0] INFO  c.a.beats.widget.PlayersTable - Updated row 398 for player: Strike 141
2025-10-14 15:19:22.579 [AWT-EventQueue-0] INFO  c.a.beats.widget.PlayersTable - Updated row 102 for player: Note
2025-10-14 15:19:22.579 [AWT-EventQueue-0] INFO  c.a.beats.widget.PlayersTable - Updated row 323 for player: Strike
2025-10-14 15:19:22.579 [AWT-EventQueue-0] INFO  c.a.beats.widget.PlayersTable - Updated row 103 for player: Note
2025-10-14 15:19:22.580 [AWT-EventQueue-0] INFO  c.a.beats.widget.PlayersTable - Updated row 104 for player: Note
2025-10-14 15:19:22.580 [AWT-EventQueue-0] INFO  c.a.beats.widget.PlayersTable - Updated row 324 for player: Strike
2025-10-14 15:19:22.580 [AWT-EventQueue-0] INFO  c.a.beats.widget.PlayersTable - Updated row 325 for player: Strike
2025-10-14 15:19:22.580 [AWT-EventQueue-0] INFO  c.a.beats.widget.PlayersTable - Updated row 326 for player: Strike
2025-10-14 15:19:22.581 [AWT-EventQueue-0] INFO  c.a.beats.widget.PlayersTable - Updated row 327 for player: Strike
2025-10-14 15:19:22.581 [AWT-EventQueue-0] INFO  c.a.beats.widget.PlayersTable - Updated row 328 for player: Strike
2025-10-14 15:19:22.581 [AWT-EventQueue-0] INFO  c.a.beats.widget.PlayersTable - Updated row 329 for player: Strike
2025-10-14 15:19:22.581 [AWT-EventQueue-0] INFO  c.a.beats.widget.PlayersTable - Updated row 330 for player: Strike
2025-10-14 15:19:22.581 [AWT-EventQueue-0] INFO  c.a.beats.widget.PlayersTable - Updated row 105 for player: Note
2025-10-14 15:19:22.581 [AWT-EventQueue-0] INFO  c.a.beats.widget.PlayersTable - Updated row 106 for player: Note
2025-10-14 15:19:22.582 [AWT-EventQueue-0] INFO  c.a.beats.widget.PlayersTable - Updated row 331 for player: Strike
2025-10-14 15:19:22.582 [AWT-EventQueue-0] INFO  c.a.beats.widget.PlayersTable - Updated row 332 for player: Strike
2025-10-14 15:19:22.582 [AWT-EventQueue-0] INFO  c.a.beats.widget.PlayersTable - Updated row 333 for player: Strike
2025-10-14 15:19:22.582 [AWT-EventQueue-0] INFO  c.a.beats.widget.PlayersTable - Updated row 334 for player: Strike
2025-10-14 15:19:22.582 [AWT-EventQueue-0] INFO  c.a.beats.widget.PlayersTable - Updated row 107 for player: Note
2025-10-14 15:19:22.583 [AWT-EventQueue-0] INFO  c.a.beats.widget.PlayersTable - Updated row 108 for player: Note
2025-10-14 15:19:22.583 [AWT-EventQueue-0] INFO  c.a.beats.widget.PlayersTable - Updated row 335 for player: Strike
2025-10-14 15:19:22.583 [AWT-EventQueue-0] INFO  c.a.beats.widget.PlayersTable - Updated row 336 for player: Strike
2025-10-14 15:19:22.583 [AWT-EventQueue-0] INFO  c.a.beats.widget.PlayersTable - Updated row 337 for player: Strike
2025-10-14 15:19:22.583 [AWT-EventQueue-0] INFO  c.a.beats.widget.PlayersTable - Updated row 109 for player: Note
2025-10-14 15:19:22.583 [AWT-EventQueue-0] INFO  c.a.beats.widget.PlayersTable - Updated row 110 for player: Note
2025-10-14 15:19:22.584 [AWT-EventQueue-0] INFO  c.a.beats.widget.PlayersTable - Updated row 338 for player: Strike
2025-10-14 15:19:22.584 [AWT-EventQueue-0] INFO  c.a.beats.widget.PlayersTable - Updated row 339 for player: Strike
2025-10-14 15:19:22.584 [AWT-EventQueue-0] INFO  c.a.beats.widget.PlayersTable - Updated row 340 for player: Strike
2025-10-14 15:19:22.584 [AWT-EventQueue-0] INFO  c.a.beats.widget.PlayersTable - Updated row 111 for player: Note
2025-10-14 15:19:22.584 [AWT-EventQueue-0] INFO  c.a.beats.widget.PlayersTable - Updated row 112 for player: Note
2025-10-14 15:19:22.584 [AWT-EventQueue-0] INFO  c.a.beats.widget.PlayersTable - Updated row 341 for player: Strike
2025-10-14 15:19:22.584 [AWT-EventQueue-0] INFO  c.a.beats.widget.PlayersTable - Updated row 342 for player: Strike
2025-10-14 15:19:22.584 [AWT-EventQueue-0] INFO  c.a.beats.widget.PlayersTable - Updated row 402 for player: Strike 41
2025-10-14 15:19:22.584 [AWT-EventQueue-0] INFO  c.a.beats.widget.PlayersTable - Updated row 343 for player: Strike
2025-10-14 15:19:22.585 [AWT-EventQueue-0] INFO  c.a.beats.widget.PlayersTable - Updated row 344 for player: Strike
2025-10-14 15:19:22.585 [AWT-EventQueue-0] INFO  c.a.beats.widget.PlayersTable - Updated row 345 for player: Strike
2025-10-14 15:19:22.585 [AWT-EventQueue-0] INFO  c.a.beats.widget.PlayersTable - Updated row 346 for player: Strike
2025-10-14 15:19:22.585 [AWT-EventQueue-0] INFO  c.a.beats.widget.PlayersTable - Updated row 113 for player: Note
2025-10-14 15:19:22.585 [AWT-EventQueue-0] INFO  c.a.beats.widget.PlayersTable - Updated row 347 for player: Strike
2025-10-14 15:19:22.585 [AWT-EventQueue-0] INFO  c.a.beats.widget.PlayersTable - Updated row 348 for player: Strike
2025-10-14 15:19:22.586 [AWT-EventQueue-0] INFO  c.a.beats.widget.PlayersTable - Updated row 349 for player: Strike
2025-10-14 15:19:22.586 [AWT-EventQueue-0] INFO  c.a.beats.widget.PlayersTable - Updated row 350 for player: Strike
2025-10-14 15:19:22.586 [AWT-EventQueue-0] INFO  c.a.beats.widget.PlayersTable - Updated row 351 for player: Strike
2025-10-14 15:19:22.586 [AWT-EventQueue-0] INFO  c.a.beats.widget.PlayersTable - Updated row 114 for player: Note
2025-10-14 15:19:22.586 [AWT-EventQueue-0] INFO  c.a.beats.widget.PlayersTable - Updated row 352 for player: Strike
2025-10-14 15:19:22.586 [AWT-EventQueue-0] INFO  c.a.beats.widget.PlayersTable - Updated row 353 for player: Strike
2025-10-14 15:19:22.587 [AWT-EventQueue-0] INFO  c.a.beats.widget.PlayersTable - Updated row 354 for player: Strike
2025-10-14 15:19:22.587 [AWT-EventQueue-0] INFO  c.a.beats.widget.PlayersTable - Updated row 355 for player: Strike
2025-10-14 15:19:22.587 [AWT-EventQueue-0] INFO  c.a.beats.widget.PlayersTable - Updated row 115 for player: Note
2025-10-14 15:19:22.587 [AWT-EventQueue-0] INFO  c.a.beats.widget.PlayersTable - Updated row 116 for player: Note
2025-10-14 15:19:22.587 [AWT-EventQueue-0] INFO  c.a.beats.widget.PlayersTable - Updated row 356 for player: Strike
2025-10-14 15:19:22.587 [AWT-EventQueue-0] INFO  c.a.beats.widget.PlayersTable - Updated row 117 for player: Note
2025-10-14 15:19:22.587 [AWT-EventQueue-0] INFO  c.a.beats.widget.PlayersTable - Updated row 357 for player: Strike
2025-10-14 15:19:22.588 [AWT-EventQueue-0] INFO  c.a.beats.widget.PlayersTable - Updated row 118 for player: Note
